listing_id,total_reviews,sentiment_positive_ratio,sentiment_neutral_ratio,sentiment_negative_ratio,sentiment_positive_count,sentiment_neutral_count,sentiment_negative_count,average_sentiment_score,total_positive_reviews,intelligent_score
7101,352,0.9801136363636364,0.011363636363636364,0.008522727,345,4,3,0.8958795454545455,345,0.9568320454545454
23395,145,0.993103448,0.006896552,0,144,1,0,0.9186786206896551,144,0.9714656551724137
68229,140,0.9571428571428572,0.021428571,0.021428571,134,3,3,0.7874492857142856,134,0.9105205
105960,81,0.9629629629629629,0.012345679012345678,0.024691358024691357,78,1,2,0.8199283950617283,78,0.9237562962962962
223778,81,0.9753086419753086,0.012345679012345678,0.012345679012345678,79,1,1,0.8746925925925927,79,0.9475929629629629
533609,47,0.9574468085106383,0.021276596,0.021276596,45,1,1,0.754076596,45,0.9006910638297873
758778,56,0.9821428571428571,0.017857142857142856,0,55,1,0,0.8468839285714286,55,0.9433508928571427
1053903,80,0.8625,0.0375,0.1,69,3,8,0.7018425,69,0.82805275
1142940,112,0.9732142857142857,0.026785714285714284,0,109,3,0,0.7982455357142858,109,0.9234022321428571
1404315,155,0.9806451612903225,0.012903225806451613,0.006451613,152,2,1,0.8699193548387095,152,0.9493629032258063
1516053,28,1,0,0,28,0,0,0.8908964285714286,28,0.9672689285714285
1636325,20,1,0,0,20,0,0,0.8963300000000001,20,0.968899
1737756,19,1,0,0,19,0,0,0.9291473684210526,19,0.9787442105263157
2406456,20,1,0,0,20,0,0,0.9453449999999999,20,0.9836035
3583350,74,0.9594594594594594,0.027027027,0.013513513513513514,71,2,1,0.8457121621621622,71,0.9293893243243243
3737087,39,0.9487179487179487,0.051282051,0,37,2,0,0.8337923076923076,37,0.9193684615384615
3990025,181,0.9668508287292817,0.027624309392265192,0.005524862,175,5,1,0.8434723756906077,175,0.9331522099447512
4622181,30,0.9,0.1,0,27,3,0,0.7545033333333333,27,0.866351
4767052,19,1,0,0,19,0,0,0.9284210526315789,19,0.9785263157894736
4793973,243,0.9835390946502057,0.012345679012345678,0.004115226,239,3,1,0.8600341563786007,239,0.9481337037037036
4912647,520,0.9807692307692307,0.017307692,0.001923077,510,9,1,0.8708198076923077,510,0.9497074807692306
5120343,169,0.9644970414201184,0.029585798816568046,0.00591716,163,5,1,0.8277721893491126,163,0.9270298816568048
6585175,57,0.9473684210526315,0.017543859649122806,0.035087719,54,1,2,0.8098719298245615,54,0.9113826315789474
6624762,19,1,0,0,19,0,0,0.9451052631578946,19,0.9835315789473683
6731533,9,0.8888888888888888,0.1111111111111111,0,8,1,0,0.8020999999999999,8,0.8739633333333333
7240316,111,0.9819819819819819,0.009009009,0.009009009,109,1,1,0.8373495495495497,109,0.940394054
7293053,205,0.9853658536585366,0.004878049,0.009756098,202,1,2,0.8273414634146342,202,0.9394219512195122
8173194,72,0.9444444444444444,0.041666666666666664,0.013888888888888888,68,3,1,0.7854583333333333,68,0.9023041666666666
8353332,234,0.9743589743589743,0.025641026,0,228,6,0,0.8454440170940171,228,0.9382485897435896
8880737,55,0.9090909090909091,0.036363636,0.054545455,50,2,3,0.7167600000000001,50,0.8604825454545454
9094456,51,0.9215686274509803,0.058823529411764705,0.019607843,47,3,1,0.7656176470588235,47,0.8826264705882352
9543946,35,1,0,0,35,0,0,0.8970771428571429,35,0.9691231428571428
9611871,41,0.975609756,0.024390243902439025,0,40,1,0,0.9076731707317073,40,0.9576678048780487
9792873,90,0.8888888888888888,0.088888889,0.022222222222222223,80,8,2,0.7536355555555556,80,0.859424
11640390,205,0.9609756097560975,0.034146341,0.004878049,197,7,1,0.8220990243902436,197,0.9232150731707315
12089948,140,0.9714285714285714,0.021428571,0.007142857,136,3,1,0.8239114285714286,136,0.9300305714285714
12531604,258,0.9689922480620154,0.023255813953488372,0.007751938,250,6,2,0.8271031007751939,250,0.9295262790697674
12792772,328,0.9176829268292683,0.042682926829268296,0.039634146341463415,301,14,13,0.7114079268292683,301,0.8640321341463415
13361222,558,0.964157706,0.019713262,0.016129032258064516,538,11,9,0.7934492831541218,538,0.9165294086021505
13991946,12,1,0,0,12,0,0,0.7928916666666667,12,0.9378675
14309254,508,0.9763779527559056,0.015748031496062992,0.007874016,496,8,4,0.8577746062992126,496,0.9431591535433071
14340087,468,0.9615384615384616,0.029914529914529916,0.008547009,450,14,4,0.7886818376068375,450,0.9135276282051281
14530809,405,0.9654320987654321,0.034567901,0,391,14,0,0.7772518518518517,391,0.9124348148148148
14807695,34,1,0,0,34,0,0,0.8889529411764707,34,0.9666858823529412
15398931,25,0.96,0.04,0,24,1,0,0.79994,24,0.915982
15400239,5,1,0,0,5,0,0,0.8549800000000001,5,0.956494
15400428,23,0.9565217391304348,0.043478260869565216,0,22,1,0,0.8274086956521738,22,0.922135652
15400534,258,0.9651162790697675,0.023255813953488372,0.011627906976744186,249,6,3,0.832327519,249,0.9287680232558139
15938812,16,1,0,0,16,0,0,0.8359687499999999,16,0.9507906249999999
16139284,3,1,0,0,3,0,0,0.9354,3,0.9806199999999999
16148886,366,0.953551913,0.030054644808743168,0.016393443,349,11,6,0.7547770491803278,349,0.8985642622950819
16224857,371,0.9892183288409704,0.010781671,0,367,4,0,0.8766708894878708,367,0.9565322641509434
16232581,243,0.9835390946502057,0.012345679012345678,0.004115226,239,3,1,0.8699641975308642,239,0.9511127160493827
17000524,323,0.9690402476780186,0.018575851393188854,0.012383901,313,6,4,0.8096616099071209,313,0.9243226315789473
17255511,331,0.9879154078549849,0.006042296,0.006042296,327,2,2,0.871725076,327,0.9542667673716012
17496192,604,0.9685430463576159,0.026490066225165563,0.004966887,585,16,3,0.8450574503311257,585,0.9346430629139072
17976543,117,0.9743589743589743,0.008547009,0.017094017094017096,114,1,2,0.8407461538461538,114,0.9368392307692307
18474693,296,0.9594594594594594,0.030405405405405407,0.010135135135135136,284,9,3,0.8095192567567568,284,0.9185314527027028
18747680,16,1,0,0,16,0,0,0.8736375,16,0.96209125
19545359,39,0.9487179487179487,0.051282051,0,37,2,0,0.7922307692307692,37,0.9068999999999999
19550914,43,1,0,0,43,0,0,0.9260511627906975,43,0.9778153488372092
19709913,43,1,0,0,43,0,0,0.8915697674418606,43,0.96747093
19729241,122,1,0,0,122,0,0,0.9205163934426229,122,0.9761549180327868
20138634,161,0.9565217391304348,0.018633540372670808,0.024844720496894408,154,3,4,0.7850857142857143,154,0.9094387577639752
20212761,3,1,0,0,3,0,0,0.7439,3,0.9231699999999999
20761088,101,0.9801980198019802,0.00990099,0.00990099,99,1,1,0.8551089108910891,99,0.9446514851485147
20965960,143,1,0,0,143,0,0,0.8788622377622378,143,0.9636586713286713
21376207,161,0.9875776397515528,0.00621118,0.00621118,159,1,1,0.8880105590062111,159,0.9589497515527948
21556659,85,0.9294117647058824,0.058823529411764705,0.011764705882352941,79,5,1,0.7311882352941178,79,0.8770035294117647
21799480,310,0.9870967741935484,0.009677419,0.003225806,306,3,1,0.8500209677419354,306,0.9472643548387095
22334766,113,0.9911504424778761,0.008849558,0,112,1,0,0.9161743362831858,112,0.9695425663716813
23092653,4,1,0,0,4,0,0,0.9134749999999999,4,0.9740424999999999
23092885,2,1,0,0,2,0,0,0.9789,0,
23398807,6,1,0,0,6,0,0,0.6824333333333333,6,0.9047299999999999
23526708,15,1,0,0,15,0,0,0.8496933333333332,15,0.954908
23576655,121,0.9669421487603306,0.008264463,0.024793388429752067,117,1,3,0.8402355371900827,117,0.9322359504132232
24156862,28,1,0,0,28,0,0,0.8406357142857143,28,0.9521907142857142
24185610,62,0.8870967741935484,0.064516129,0.048387097,55,4,3,0.7271354838709677,55,0.8503987096774193
24454463,90,0.9444444444444444,0.044444444444444446,0.011111111111111112,85,4,1,0.8346155555555554,85,0.9170513333333333
24519787,465,0.978494624,0.015053763440860216,0.006451613,455,7,3,0.8334789247311829,455,0.9371404516129032
24780348,260,0.9538461538461539,0.026923076923076925,0.019230769230769232,248,7,5,0.7746953846153846,248,0.9047163076923076
25135201,4,1,0,0,4,0,0,0.9070999999999999,4,0.9721299999999999
25808418,205,0.975609756,0.014634146341463415,0.009756098,200,3,2,0.8419931707317074,200,0.9379638048780488
26084729,273,0.9633699633699634,0.032967033,0.003663004,263,9,1,0.802184249,263,0.9186772527472526
26319307,206,0.9902912621359223,0,0.009708738,204,0,2,0.8847820388349515,204,0.9596093689320387
26413565,22,1,0,0,22,0,0,0.8460227272727271,22,0.9538068181818181
26660129,3,1,0,0,3,0,0,0.8464999999999999,3,0.95395
26685704,21,0.9047619047619048,0.095238095,0,19,2,0,0.7246285714285714,19,0.8602457142857142
26812545,19,0.8421052631578947,0.10526315789473684,0.052631579,16,2,1,0.7264947368421053,16,0.8232115789473683
27388869,9,1,0,0,9,0,0,0.7254111111111112,9,0.9176233333333333
27567630,182,0.989010989,0.010989011,0,180,2,0,0.8664362637362637,180,0.9533374725274725
27581061,169,0.9881656804733728,0.011834319526627219,0,167,2,0,0.9017242603550296,167,0.9634166863905326
27755983,78,0.9743589743589743,0.025641026,0,76,2,0,0.8969948717948717,76,0.953713846
27756174,3,1,0,0,3,0,0,0.9192666666666667,3,0.97578
27929828,118,0.9661016949152542,0.025423728813559324,0.008474576,114,3,1,0.8500754237288135,114,0.9346836440677965
28076757,20,0.85,0.05,0.1,17,1,2,0.6381050000000001,17,0.8014315
28179904,681,0.9779735682819384,0.013215859030837005,0.008810573,666,9,6,0.8761328928046989,666,0.9496240088105726
28538990,50,0.96,0.02,0.02,48,1,1,0.7935479999999999,48,0.9140643999999999
28541505,96,0.9895833333333334,0.010416666666666666,0,95,1,0,0.8749833333333333,95,0.9562449999999999
28565907,84,0.9166666666666666,0.05952381,0.023809523809523808,77,5,2,0.7267511904761904,77,0.868025357
28578397,439,0.9977220956719818,0.002277904,0,438,1,0,0.9042168564920273,438,0.9698983143507972
29075772,76,0.9473684210526315,0.052631579,0,72,4,0,0.7894460526315789,72,0.9052548684210525
29708205,253,0.9683794466403162,0.023715415019762844,0.007905138,245,6,2,0.8217134387351778,245,0.9275417
30129023,452,0.9778761061946902,0.019911504,0.002212389,442,9,1,0.8516526548672566,442,0.94222146
30553474,203,0.9655172413793104,0.034482758620689655,0,196,7,0,0.8260527093596058,196,0.927126158
30858316,124,0.9919354838709677,0.008064516,0,123,1,0,0.8988193548387097,123,0.9648070967741934
31022092,48,0.9791666666666666,0.020833333333333332,0,47,1,0,0.7896562500000001,47,0.9243968749999999
32359305,141,0.9858156028368794,0.007092199,0.007092199,139,1,1,0.8456297872340426,139,0.9451782978723403
32595692,155,0.9612903225806452,0.019354839,0.019354839,149,3,3,0.7768664516129032,149,0.909834129
32696197,21,1,0,0,21,0,0,0.9559285714285715,21,0.9867785714285714
32865110,124,0.9919354838709677,0,0.008064516,123,0,1,0.8386588709677418,123,0.946758952
33734664,128,0.9609375,0.0234375,0.015625,123,3,2,0.7942820312499999,123,0.9148471093749999
34309444,3,1,0,0,3,0,0,0.8928333333333334,3,0.96785
34332860,70,0.9714285714285714,0,0.028571429,68,0,2,0.7914671428571428,68,0.9202972857142856
34446916,63,0.9523809523809523,0.047619047619047616,0,60,3,0,0.8157682539682539,60,0.9161590476190475
34502134,2,1,0,0,2,0,0,0.66845,0,
34538157,8,0.875,0,0.125,7,0,1,0.6188125,7,0.81064375
34783374,188,0.9787234042553191,0.021276596,0,184,4,0,0.8735388297872341,184,0.9492956914893617
34909653,104,0.9423076923076923,0.038461538461538464,0.019230769230769232,98,4,2,0.73935,98,0.8871896153846154
34979495,440,0.9590909090909091,0.027272727,0.013636363636363636,422,12,6,0.7808993181818181,422,0.9097243409090908
35202237,1,1,0,0,1,0,0,0.9874,0,
35381749,26,0.7307692307692307,0.038461538461538464,0.23076923076923078,19,1,6,0.35960769230769224,19,0.6463438461538461
35413790,32,0.9375,0.03125,0.03125,30,1,1,0.683278125,30,0.8674834374999999
35463395,11,0.9090909090909091,0.090909091,0,10,1,0,0.8172818181818182,10,0.8906390909090909
35543616,9,1,0,0,9,0,0,0.8759999999999999,9,0.9628
35843542,36,0.9166666666666666,0.055555556,0.027777777777777776,33,2,1,0.7131722222222222,33,0.8639516666666666
36392564,100,0.96,0.02,0.02,96,2,2,0.7661350000000001,96,0.9058404999999999
36446406,136,0.9338235294117647,0.036764706,0.029411764705882353,127,5,4,0.7489316176470588,127,0.8849736029411764
36446537,26,0.6923076923076923,0.19230769230769232,0.11538461538461539,18,5,3,0.4140538461538462,18,0.6396007692307691
36689889,12,0.4166666666666667,0.3333333333333333,0.25,5,4,3,0.19359999999999997,5,0.40808
36723553,128,0.9921875,0.0078125,0,127,1,0,0.8711289062500001,127,0.956651172
36799009,72,0.9722222222222222,0,0.027777777777777776,70,0,2,0.7860541666666667,70,0.9191495833333333
37278360,36,0.9722222222222222,0,0.027777777777777776,35,0,1,0.8335666666666667,35,0.9334033333333333
37336702,390,0.9871794871794872,0.010256410256410256,0.002564103,385,4,1,0.8488912820512822,385,0.9469750769230769
37807346,72,0.9027777777777778,0.055555556,0.041666666666666664,65,4,3,0.7551569444444445,65,0.8682137499999999
38389142,46,0.9347826086956522,0.043478260869565216,0.021739130434782608,43,2,1,0.8030130434782609,43,0.9017734782608695
38571763,11,0.8181818181818182,0.18181818181818182,0,9,2,0,0.7605181818181816,9,0.8190645454545454
38823886,12,0.9166666666666666,0.083333333,0,11,1,0,0.8073,11,0.8921899999999999
39020081,631,0.9809825673534073,0.017432646592709985,0.001584786,619,11,1,0.8422483359746433,619,0.9412640412044374
39127033,18,1,0,0,18,0,0,0.8212333333333333,18,0.9463699999999999
39202542,200,0.985,0.01,0.005,197,2,1,0.8437175,197,0.94411525
39606319,254,0.968503937,0.019685039,0.011811023622047244,246,5,3,0.7975322834645668,246,0.9203620472440943
40233343,3,1,0,0,3,0,0,0.7357,3,0.9207099999999999
40291213,212,0.9952830188679245,0.004716981,0,211,1,0,0.8900957547169812,211,0.964198538
40620172,128,0.953125,0.046875,0,122,6,0,0.808154688,122,0.9143214062499999
40637180,9,1,0,0,9,0,0,0.7579888888888889,9,0.9273966666666666
40936061,32,0.75,0.125,0.125,24,4,4,0.49798125,24,0.6993943749999999
41264623,233,0.9184549356223176,0.042918455,0.038626609,214,10,9,0.7250094420600857,214,0.8685757939914163
41422819,46,0.9565217391304348,0.043478260869565216,0,44,2,0,0.8111173913043477,44,0.9172482608695651
41564701,31,0.967741935,0,0.032258065,30,0,1,0.8261419354838709,30,0.9284877419354839
42097167,32,0.9375,0.03125,0.03125,30,1,1,0.7992125,30,0.90226375
42157314,78,0.9743589743589743,0,0.025641026,76,0,2,0.7565615384615384,76,0.911583846
42451917,3,1,0,0,3,0,0,0.9166,3,0.97498
42775398,2,1,0,0,2,0,0,0.9209,0,
42999407,440,0.9818181818181818,0.011363636363636364,0.006818182,432,5,3,0.8523645454545454,432,0.9448002727272727
43051665,50,0.92,0.04,0.04,46,2,2,0.732186,46,0.8716558
43087169,1,1,0,0,1,0,0,0.9211,0,
43115699,28,0.9285714285714286,0.071428571,0,26,2,0,0.7575464285714285,26,0.8844067857142857
43158104,19,1,0,0,19,0,0,0.8468947368421054,19,0.9540684210526316
43306646,128,0.9609375,0.015625,0.0234375,123,2,3,0.798896875,123,0.9162315624999999
43575684,2,1,0,0,2,0,0,0.73375,0,
43741632,42,0.8809523809523809,0.071428571,0.047619047619047616,37,3,2,0.7025261904761906,37,0.8393292857142857
43792332,29,0.7241379310344828,0.034482758620689655,0.2413793103448276,21,1,7,0.4033758620689655,21,0.6554955172413792
43909004,3,1,0,0,3,0,0,0.8428333333333334,3,0.95285
43947327,10,1,0,0,10,0,0,0.94169,10,0.9825069999999999
43969809,102,0.9901960784313726,0.009803922,0,101,1,0,0.8525725490196079,101,0.9498894117647059
44019190,42,0.9523809523809523,0.047619047619047616,0,40,2,0,0.7360261904761906,40,0.8922364285714285
44100363,12,1,0,0,12,0,0,0.7729750000000001,12,0.9318924999999999
44316040,25,1,0,0,25,0,0,0.863364,25,0.9590092
44361368,292,0.9691780821917808,0.023972602739726026,0.006849315,283,7,2,0.8197763698630137,283,0.9274397602739726
44361402,176,0.9772727272727273,0,0.022727272727272728,172,0,4,0.8423903409090908,172,0.9390807386363635
44376973,172,0.9825581395348837,0.005813953,0.011627906976744186,169,1,2,0.872264535,169,0.9512142441860465
44579633,147,0.9795918367346939,0.006802721,0.013605442176870748,144,1,2,0.8285353741496599,144,0.9363157142857143
44684096,3,1,0,0,3,0,0,0.9560333333333334,3,0.98681
45052852,1,1,0,0,1,0,0,0.8118,0,
45206266,15,1,0,0,15,0,0,0.8618,15,0.95854
45207718,8,0.875,0,0.125,7,0,1,0.7245125,7,0.84235375
45207849,52,0.9423076923076923,0.057692307692307696,0,49,3,0,0.8262711538461538,49,0.9132659615384615
45216545,1,1,0,0,1,0,0,0.9554,0,
45420901,29,0.896551724,0.068965517,0.034482758620689655,26,2,1,0.6920655172413793,26,0.8455506896551723
45655886,237,0.9578059071729957,0.037974684,0.004219409,227,9,1,0.7695033755274261,227,0.9055345569620252
46104839,87,0.7241379310344828,0.27586206896551724,0,63,24,0,0.4593367816091952,63,0.6722837931034482
46273970,76,0.9736842105263158,0.026315789,0,74,2,0,0.7651302631578947,74,0.9137496052631578
46314407,103,1,0,0,103,0,0,0.8903184466019417,103,0.9670955339805825
46371956,271,0.9630996309963099,0.025830258302583026,0.011070111,261,7,3,0.7815306273062731,261,0.9123189667896678
46374421,464,0.9698275862068966,0.019396552,0.010775862068965518,450,9,5,0.7766019396551724,450,0.9148771336206896
46490109,181,0.9613259668508287,0.027624309392265192,0.011049723756906077,174,5,2,0.8210950276243094,174,0.923124088
46490712,137,0.9708029197080292,0.029197080291970802,0,133,4,0,0.8134788321167884,133,0.926525401
46637145,321,0.9595015576323987,0.037383177570093455,0.003115265,308,12,1,0.7973856697819315,308,0.9149166355140187
46712066,187,0.9518716577540107,0.037433155,0.010695187,178,7,2,0.7786181818181818,178,0.904708449
46771787,148,0.9594594594594594,0.033783783783783786,0.006756757,142,5,1,0.8298905405405405,142,0.9246428378378378
47350542,250,0.944,0.048,0.008,236,12,2,0.7679712000000001,236,0.8967913599999999
47426620,153,0.934640523,0.045751634,0.019607843,143,7,3,0.7568320261437909,143,0.8878339215686274
47432363,170,0.9176470588235294,0.047058823529411764,0.035294118,156,8,6,0.748420588,156,0.8751144117647057
47746603,62,1,0,0,62,0,0,0.8854258064516128,62,0.9656277419354838
47792889,1,1,0,0,1,0,0,0.7836,0,
47833785,106,0.9905660377358491,0.009433962,0,105,1,0,0.8548528301886793,105,0.9507954716981132
47846381,250,0.964,0.016,0.02,241,4,5,0.7900312,241,0.9154093599999998
47857021,253,0.9683794466403162,0.027667984,0.003952569,245,7,1,0.8056794466403162,245,0.9227315019762845
47952428,1,1,0,0,1,0,0,0.9134,0,
48009888,290,0.9689655172413794,0.017241379310344827,0.013793103448275862,281,5,4,0.8485765517241379,281,0.935952276
48064704,1,1,0,0,1,0,0,0.9543,0,
48229920,121,0.9752066115702479,0.016528926,0.008264463,118,2,1,0.7792809917355372,118,0.9189082644628098
48401591,127,0.9763779527559056,0,0.023622047244094488,124,0,3,0.7612614173228346,124,0.9142051968503937
48469712,252,0.9920634920634921,0.003968254,0.003968254,250,1,1,0.8558694444444443,250,0.9519989285714284
49092365,174,0.9942528735632183,0.005747126,0,173,1,0,0.8630827586206896,173,0.9554765517241378
49342072,35,0.9428571428571428,0.028571429,0.028571429,33,1,1,0.8186228571428572,33,0.9113011428571428
49631544,51,1,0,0,51,0,0,0.934064706,51,0.9802194117647058
49735166,2,1,0,0,2,0,0,0.92395,0,
50054456,110,0.9363636363636364,0.063636364,0,103,7,0,0.7505254545454545,103,0.886975818
50194879,284,0.9859154929577465,0.007042254,0.007042254,280,2,2,0.830005986,280,0.9405510915492957
50361582,178,0.9775280898876404,0.011235955056179775,0.011235955056179775,174,2,2,0.8040702247191012,174,0.9277379213483146
50409973,78,0.9102564102564102,0.064102564,0.025641026,71,5,2,0.6820282051282052,71,0.8507623076923077
50497152,94,0.9574468085106383,0.031914893617021274,0.010638297872340425,90,3,1,0.7599787234042553,90,0.9024617021276596
50504321,66,0.9242424242424242,0.075757576,0,61,5,0,0.7534363636363636,61,0.8805763636363635
50562579,31,0.967741935,0.032258065,0,30,1,0,0.7927741935483872,30,0.9184774193548387
50595917,213,0.9812206572769953,0.014084507042253521,0.004694836,209,3,1,0.8752990610328638,209,0.9513221126760563
50873368,56,0.8928571428571429,0.089285714,0.017857142857142856,50,5,1,0.6990624999999999,50,0.8454330357142856
51411999,110,0.9272727272727272,0.036363636,0.036363636,102,4,4,0.8036800000000001,102,0.8974676363636362
51502999,207,0.9806763285024155,0.009661836,0.009661836,203,2,2,0.8397545893719808,203,0.9403321739130435
51584379,56,0.8928571428571429,0.089285714,0.017857142857142856,50,5,1,0.7169928571428572,50,0.8508121428571428
51593238,127,0.9921259842519685,0,0.007874016,126,0,1,0.8568724409448819,126,0.9523373228346456
51655958,164,0.9573170731707317,0.018292682926829267,0.024390243902439025,157,3,4,0.7794097560975609,157,0.9082131707317073
51762105,230,0.9565217391304348,0.034782608695652174,0.008695652,220,8,2,0.7368291304347827,220,0.8949617826086956
51787040,75,0.9866666666666667,0.013333333333333334,0,74,1,0,0.8213413333333334,74,0.9384024
51804660,8,0.875,0,0.125,7,0,1,0.6577875,7,0.82233625
51819107,52,0.9615384615384616,0.038461538461538464,0,50,2,0,0.8280538461538461,50,0.9253392307692306
51824978,57,0.9649122807017544,0.017543859649122806,0.017543859649122806,55,1,1,0.8373526315789472,55,0.9301531578947367
51920623,11,1,0,0,11,0,0,0.840390909,11,0.9521172727272726
51959058,167,0.9760479041916168,0.017964071856287425,0.005988024,163,3,1,0.8335922155688623,163,0.9357064071856288
52004408,14,0.6428571428571429,0.21428571428571427,0.14285714285714285,9,3,2,0.29582857142857144,9,0.5744628571428572
52048336,150,0.9666666666666667,0.013333333333333334,0.02,145,2,3,0.8610266666666666,145,0.9383079999999999
52088183,73,0.9726027397260274,0,0.02739726,71,0,2,0.7995821917808219,71,0.9234363013698629
52173725,41,0.9024390243902439,0.048780488,0.048780488,37,2,2,0.7345,37,0.8618134146341464
52278189,198,0.98989899,0.010101010101010102,0,196,2,0,0.8826247474747475,196,0.9587268181818182
52531373,158,0.9810126582278481,0.012658227848101266,0.006329114,155,2,1,0.8676936708860761,155,0.9489156962025317
52766531,249,0.9799196787148594,0.020080321285140562,0,244,5,0,0.8470124497991969,244,0.9420555421686746
52837864,57,0.9824561403508771,0,0.017543859649122806,56,0,1,0.8303596491228069,56,0.9385815789473683
52904644,115,0.9826086956521739,0.008695652,0.008695652,113,1,1,0.8405078260869565,113,0.9417175652173911
52986682,140,0.95,0.014285714285714285,0.035714286,133,2,5,0.793585,133,0.9080754999999999
53115234,78,0.9358974358974359,0.025641026,0.038461538461538464,73,2,3,0.7187230769230769,73,0.8771553846153846
53150554,46,0.9782608695652174,0.021739130434782608,0,45,1,0,0.8583195652173913,45,0.9444523913043478
53150899,80,0.9875,0.0125,0,79,1,0,0.80202,79,0.933106
53172066,26,1,0,0,26,0,0,0.8573961538461539,26,0.9572188461538461
53173859,37,1,0,0,37,0,0,0.8791081081081081,37,0.9637324324324325
53181906,35,0.8571428571428571,0.028571429,0.11428571428571428,30,1,4,0.62818,30,0.8027397142857142
53232503,20,1,0,0,20,0,0,0.83389,20,0.9501669999999999
53772864,183,0.9672131147540983,0.027322404,0.005464481,177,5,1,0.801324044,177,0.9207250819672131
53974050,8,1,0,0,8,0,0,0.871475,8,0.9614424999999999
54212946,100,0.96,0.02,0.02,96,2,2,0.854444,96,0.9323331999999999
54279622,17,0.9411764705882353,0,0.058823529411764705,16,0,1,0.7412529411764706,16,0.8870817647058823
54325019,17,0.9411764705882353,0.058823529411764705,0,16,1,0,0.7640058823529411,16,0.8939076470588235
54343966,57,1,0,0,57,0,0,0.8352122807017544,57,0.9505636842105262
517985670807426618,85,1,0,0,85,0,0,0.8788458823529413,85,0.9636537647058824
539096747769695721,14,0.9285714285714286,0.071428571,0,13,1,0,0.7375928571428572,13,0.8784207142857142
548300346163700271,29,0.8620689655172413,0.13793103448275862,0,25,4,0,0.7301068965517242,25,0.836273448
550176187392328368,116,0.9913793103448276,0.00862069,0,115,1,0,0.8014232758620691,115,0.9352545689655173
555807954310475283,295,0.9694915254237289,0.016949153,0.013559322033898305,286,5,4,0.8393945762711864,286,0.9335132881355932
556576709306422313,45,0.9777777777777777,0.022222222222222223,0,44,1,0,0.755728889,44,0.9133853333333334
556942182005457042,15,1,0,0,15,0,0,0.7909266666666669,15,0.937278
557355126587743933,17,0.9411764705882353,0,0.058823529411764705,16,0,1,0.7944647058823529,16,0.903045294
566059919402290426,40,0.9,0.05,0.05,36,2,2,0.736995,36,0.8610985
571220222834160491,131,0.8854961832061069,0.06870229,0.045801527,116,9,6,0.6869862595419846,116,0.8373935877862594
571227716563941159,103,0.9029126213592233,0.067961165,0.029126214,93,7,3,0.683233981,93,0.8467177669902911
573658232825656660,39,1,0,0,39,0,0,0.8864487179487178,39,0.9659346153846152
575994627253005161,1,1,0,0,1,0,0,0.6239,0,
577455531257975348,68,0.9558823529411765,0.044117647,0,65,3,0,0.7865264705882353,65,0.9094873529411764
586762160059809038,112,0.9464285714285714,0.044642857142857144,0.008928571,106,5,1,0.7975857142857142,106,0.9071328571428571
587520815553224501,221,0.9864253393665159,0.004524887,0.009049774,218,1,2,0.8557113122171945,218,0.9485685972850678
587845673562461658,61,0.9180327868852459,0.049180328,0.032786885,56,3,2,0.6946819672131146,56,0.859224262
590820132666649161,31,0.8064516129032258,0.096774194,0.096774194,25,3,3,0.594809677,25,0.762313871
602097623616765363,56,1,0,0,56,0,0,0.9432625,56,0.9829787499999999
603800728818362850,90,0.9777777777777777,0,0.022222222222222223,88,0,2,0.8139444444444446,88,0.9308500000000001
604427277295109451,159,0.9874213836477987,0.012578616352201259,0,157,2,0,0.8240345911949686,157,0.9396632075471697
605575983362897062,73,0.95890411,0.04109589,0,70,3,0,0.8323575342465754,70,0.9250497260273972
608186059855879377,52,1,0,0,52,0,0,0.8333442307692308,52,0.9500032692307692
608652320129406753,22,0.9545454545454546,0.045454545454545456,0,21,1,0,0.8423545454545455,21,0.9254336363636363
610847936865377737,70,0.9714285714285714,0.014285714285714285,0.014285714285714285,68,1,1,0.8666971428571427,68,0.9428662857142857
613790951471234756,17,1,0,0,17,0,0,0.8661235294117647,17,0.9598370588235293
614217596620945356,18,0.9444444444444444,0.055555556,0,17,1,0,0.6489277777777778,17,0.8613449999999999
614696808440934104,17,0.8235294117647058,0.17647058823529413,0,14,3,0,0.6368529411764706,14,0.7851735294117647
614980486842969357,70,1,0,0,70,0,0,0.8535828571428571,70,0.9560748571428571
618847165980337891,11,0.9090909090909091,0.090909091,0,10,1,0,0.5977,10,0.8247645454545454
620434598681838757,17,0.9411764705882353,0.058823529411764705,0,16,1,0,0.7248647058823529,16,0.882165294
620434711077461026,70,0.9714285714285714,0.028571429,0,68,2,0,0.8333042857142856,68,0.9328484285714285
622536984921134649,45,0.9111111111111111,0.088888889,0,41,4,0,0.6803000000000001,41,0.8507566666666666
623166994204431330,207,0.9710144927536232,0.024154589371980676,0.004830918,201,5,1,0.8160864734299517,201,0.9274346376811594
625549045615257493,86,0.9302325581395349,0.046511627906976744,0.023255813953488372,80,4,2,0.7478058139534884,80,0.8824812790697675
625570886941755295,105,0.9523809523809523,0.038095238,0.00952381,100,4,1,0.7519600000000001,100,0.8970165714285714
633414972815215881,12,0.9166666666666666,0,0.083333333,11,0,1,0.648125,11,0.8444374999999998
636148726634633499,171,0.9415204678362573,0.052631579,0.005847953,161,9,1,0.7562713450292399,161,0.8917936842105263
636232809607374039,97,0.9587628865979382,0.041237113402061855,0,93,4,0,0.8108340206185566,93,0.9185079381443298
639109589747875166,69,0.927536232,0.028985507246376812,0.043478260869565216,64,2,3,0.7142811594202897,64,0.8708060869565216
641176460284971713,98,0.9081632653061225,0.030612244897959183,0.061224489795918366,89,3,6,0.647023469,89,0.8390049999999999
645535484441553609,6,1,0,0,6,0,0,0.9563,6,0.9868899999999999
648086466147031219,14,1,0,0,14,0,0,0.7028785714285715,14,0.9108635714285714
648602709953932136,7,0.8571428571428571,0.14285714285714285,0,6,1,0,0.7654285714285715,6,0.8439142857142856
650895674458040158,38,0.9736842105263158,0.026315789,0,37,1,0,0.8511342105263158,37,0.9395507894736842
652235878563511007,2,0.5,0.5,0,1,1,0,0.31245,0,
652242192724079797,3,1,0,0,3,0,0,0.9273000000000001,3,0.97819
658515907992491148,10,0.9,0,0.1,9,0,1,0.8142400000000001,9,0.8842720000000001
660854809239675142,1,1,0,0,1,0,0,0.8992,0,
664372950703123888,15,0.8666666666666667,0.13333333333333333,0,13,2,0,0.7875399999999999,13,0.856262
665707510790501642,51,1,0,0,51,0,0,0.8796666666666668,51,0.9639
672395092310587076,126,0.9444444444444444,0.055555556,0,119,7,0,0.78799127,119,0.9030640476190476
672408896670880634,136,0.9852941176470589,0.007352941,0.007352941,134,1,1,0.8311066176470588,134,0.940508456
672424199078979058,109,0.9908256880733946,0,0.009174312,108,0,1,0.8175293577981654,108,0.9397542201834863
674615442959778417,4,1,0,0,4,0,0,0.8069750000000001,4,0.9420925
675553502700674379,45,0.9111111111111111,0.022222222222222223,0.066666667,41,1,3,0.6656155555555556,41,0.8463513333333333
676178386682975853,56,0.9821428571428571,0.017857142857142856,0,55,1,0,0.8544696428571429,55,0.9456266071428571
678084458659069087,114,0.9824561403508771,0.017543859649122806,0,112,2,0,0.815007895,112,0.9339760526315788
680412672834772685,15,0.8666666666666667,0.13333333333333333,0,13,2,0,0.77206,13,0.851618
681831656966209058,193,0.9896373056994818,0.010362694300518135,0,191,2,0,0.819858031,191,0.9397397927461139
683371223046852696,73,0.9863013698630136,0.01369863,0,72,1,0,0.8692547945205479,72,0.9525572602739725
691890262272030729,79,0.9746835443037974,0.025316456,0,77,2,0,0.8385721518987341,77,0.9363817721518987
692222165549304856,6,0.8333333333333334,0,0.16666666666666666,5,0,1,0.5443999999999999,5,0.7633199999999999
692763629267422223,114,0.9912280701754386,0,0.00877193,113,0,1,0.8801228070175439,113,0.9587736842105262
693482271388454910,3,1,0,0,3,0,0,0.9128666666666666,3,0.97386
693984606686520289,123,0.959349593,0.032520325203252036,0.008130081,118,4,1,0.8100626016260163,118,0.9186285365853658
697998579956270189,1,1,0,0,1,0,0,0.9418,0,
698835052575361711,80,0.975,0.025,0,78,2,0,0.7705425,78,0.9161627499999999
699769468679045439,20,0.95,0.05,0,19,1,0,0.8483600000000001,19,0.924508
700134050078462931,3,1,0,0,3,0,0,0.5824999999999999,3,0.8747499999999999
701682774187992478,13,1,0,0,13,0,0,0.850669231,13,0.9552007692307692
704253661892246703,44,1,0,0,44,0,0,0.8160772727272726,44,0.9448231818181817
704578174750941326,134,0.9402985074626866,0.052238806,0.007462687,126,7,1,0.685620896,126,0.8698653731343283
705218857764853615,96,0.9375,0.020833333333333332,0.041666666666666664,90,2,4,0.6574239583333333,90,0.859727188
705231419137959747,181,0.9668508287292817,0.016574585635359115,0.016574585635359115,175,3,3,0.6946972375690608,175,0.8885196685082872
708167512277976844,3,0.6666666666666666,0.3333333333333333,0,2,1,0,0.49573333333333336,2,
710815562656596296,15,0.9333333333333333,0.066666667,0,14,1,0,0.8193933333333334,14,0.9058179999999999
713843963296750916,25,0.96,0.04,0,24,1,0,0.8324199999999999,24,0.9257259999999999
716837882022091186,42,0.9285714285714286,0.071428571,0,39,3,0,0.7834142857142856,39,0.8921671428571428
718082872937132717,25,1,0,0,25,0,0,0.877256,25,0.9631767999999999
718635489025046769,99,0.9090909090909091,0.050505050505050504,0.04040404,90,5,4,0.6465757575757577,90,0.8394272727272727
718792758959657917,122,0.9918032786885246,0.008196721,0,121,1,0,0.8681336065573769,121,0.9555220491803277
722560935685131912,4,1,0,0,4,0,0,0.73365,4,0.920095
722575320096256921,81,1,0,0,81,0,0,0.9135382716049385,81,0.9740614814814815
728505853718405886,48,0.9375,0.041666666666666664,0.020833333333333332,45,2,1,0.8517958333333334,45,0.91803875
728664842022044065,149,0.9463087248322147,0.006711409,0.046979866,141,1,7,0.7073926174496644,141,0.8800030201342282
733169631870058190,25,0.88,0.08,0.04,22,2,1,0.713076,22,0.8419228
736672595994361273,108,0.9074074074074074,0.046296296296296294,0.046296296296296294,98,5,5,0.7388287037037037,98,0.8660930555555555
739040623480612523,46,0.9782608695652174,0.021739130434782608,0,45,1,0,0.7437760869565218,45,0.9100893478260869
743259048234909769,56,0.9821428571428571,0.017857142857142856,0,55,1,0,0.7547660714285714,55,0.9157155357142855
743266679530556298,56,0.9642857142857143,0.035714286,0,54,2,0,0.7959071428571429,54,0.9173435714285714
744355182532038443,32,0.9375,0.03125,0.03125,30,1,1,0.74228125,30,0.885184375
745385249194642394,232,0.9698275862068966,0.012931034,0.017241379310344827,225,3,4,0.8081202586206897,225,0.9243326293103448
745761053004825188,2,1,0,0,2,0,0,0.82665,0,
747725763686301815,144,0.9305555555555556,0.034722222222222224,0.034722222222222224,134,5,5,0.7318118055555556,134,0.877876875
750852759968378767,17,1,0,0,17,0,0,0.7511470588235295,17,0.9253441176470588
751978123762895803,87,0.8735632183908046,0.08045977,0.045977011,76,7,4,0.7020011494252875,76,0.8347382758620691
752207606454252833,333,0.9429429429429429,0.036036036036036036,0.021021021021021023,314,12,7,0.7377831831831833,314,0.8871007207207208
755018311401521263,124,0.9838709677419355,0.008064516,0.008064516,122,1,1,0.8513935483870967,122,0.9457406451612903
756448628560286574,1,1,0,0,1,0,0,0.9162,0,
757179507726971109,6,0.6666666666666666,0.3333333333333333,0,4,2,0,0.5447000000000001,4,0.6634099999999999
757873427199037600,90,0.9,0.088888889,0.011111111111111112,81,8,1,0.7267766666666667,81,0.858033
765389442159078908,70,0.9428571428571428,0.042857143,0.014285714285714285,66,3,1,0.7648257142857143,66,0.895162
767528945730436669,21,1,0,0,21,0,0,0.7950047619047619,21,0.9385014285714285
769653412811991689,69,0.9855072463768116,0.014492753623188406,0,68,1,0,0.9001188405797103,68,0.96134
770360515790343973,121,0.9752066115702479,0.024793388429752067,0,118,3,0,0.8299719008264463,118,0.9341155371900826
773441378432299610,12,1,0,0,12,0,0,0.8917166666666666,12,0.9675149999999999
776789436189078587,2,0.5,0.5,0,1,1,0,0.21075,0,
777209006396605363,109,0.963302752,0.036697248,0,105,4,0,0.7839293577981652,105,0.9131604587155963
778903196159755683,148,0.9527027027027027,0.033783783783783786,0.013513513513513514,141,5,2,0.781235135,141,0.9059921621621622
779979538074932538,5,0.6,0.2,0.2,3,1,1,0.27490000000000003,3,0.54247
783431734002376742,20,1,0,0,20,0,0,0.8232299999999999,20,0.946969
785755919729753096,100,1,0,0,100,0,0,0.896041,100,0.9688123
787930932893070551,16,1,0,0,16,0,0,0.8754500000000001,16,0.962635
791206741963915976,35,0.9428571428571428,0.028571429,0.028571429,33,1,1,0.7574399999999999,33,0.8929462857142857
797291312412532495,66,0.9393939393939394,0.045454545454545456,0.015151515151515152,62,3,1,0.7504151515151515,62,0.888760909
798618165648526816,55,0.8909090909090909,0.10909090909090909,0,49,6,0,0.7494927272727275,49,0.8593932727272727
799515493783525274,45,0.9555555555555556,0.044444444444444446,0,43,2,0,0.8006333333333335,43,0.9135233333333334
799547154124017065,78,0.9230769230769231,0.064102564,0.012820513,72,5,1,0.7891128205128205,72,0.89058
799547356571701257,137,0.9562043795620438,0.03649635,0.00729927,131,5,1,0.7666890510948906,131,0.9037293430656934
802221688442211411,37,1,0,0,37,0,0,0.9221810810810811,37,0.9766543243243243
806418530281303037,90,0.9444444444444444,0.044444444444444446,0.011111111111111112,85,4,1,0.7893744444444445,85,0.903479
809678798551062333,111,0.9009009009009009,0.054054054,0.045045045,100,6,5,0.6543792792792792,100,0.8368543243243243
811484575948098997,13,1,0,0,13,0,0,0.9264923076923075,13,0.9779476923076922
811547681524864922,78,0.9871794871794872,0.012820513,0,77,1,0,0.8528282051282051,77,0.9481561538461538
823810836627309586,4,1,0,0,4,0,0,0.822675,4,0.9468025
824696057635471357,38,1,0,0,38,0,0,0.8249947368421052,38,0.9474984210526315
827198436730767781,2,1,0,0,2,0,0,0.83995,0,
827791445027934321,98,0.9693877551020408,0.020408163,0.010204082,95,2,1,0.7430142857142856,95,0.9045369387755101
827801209117928115,80,0.9125,0.0375,0.05,73,3,4,0.68568875,73,0.853206625
827805373728010190,1,1,0,0,1,0,0,0.4404,0,
827806392328599374,18,1,0,0,18,0,0,0.7987666666666666,18,0.93963
828232657977870293,122,0.9836065573770492,0.016393443,0,120,2,0,0.8525860655737705,120,0.9459397540983606
828300108102248357,89,0.8876404494382022,0.04494382,0.06741573,79,4,6,0.6332516853932585,79,0.8225597752808987
829129267210283087,96,0.9479166666666666,0.020833333333333332,0.03125,91,2,3,0.7291239583333332,91,0.8874871874999999
829201935100198803,98,0.9183673469387755,0.051020408,0.030612244897959183,90,5,3,0.7092285714285714,90,0.8637889795918366
829230504669792389,75,0.88,0.08,0.04,66,6,3,0.6504413333333333,66,0.8231324
831297838040006529,82,0.926829268,0.036585365853658534,0.036585365853658534,76,3,3,0.666969512,76,0.8561884146341464
834223580560535923,8,1,0,0,8,0,0,0.831325,8,0.9493975
836127702807756580,28,1,0,0,28,0,0,0.8967285714285713,28,0.9690185714285714
836341995473193316,70,0.9714285714285714,0.028571429,0,68,2,0,0.8426614285714286,68,0.9356555714285714
839707915579374279,29,0.896551724,0.034482758620689655,0.068965517,26,1,2,0.6011206896551724,26,0.8182672413793103
842596412087849937,5,0.8,0,0.2,4,0,1,0.52762,4,0.7382859999999999
842626243641773578,123,0.967479675,0.024390243902439025,0.008130081,119,3,1,0.8039796747967479,119,0.9216817073170731
843474403200283460,8,0.75,0.125,0.125,6,1,1,0.57685,6,0.7230549999999999
844146397031324702,36,0.8333333333333334,0.1111111111111111,0.055555556,30,4,2,0.5070944444444445,30,0.7521283333333333
844289940133915503,1,1,0,0,1,0,0,0.7579,0,
844718466529231180,6,1,0,0,6,0,0,0.7899000000000002,6,0.93697
846396694662598522,35,0.9428571428571428,0.028571429,0.028571429,33,1,1,0.6584971428571428,33,0.8632634285714286
847164207750845476,46,0.9565217391304348,0.021739130434782608,0.021739130434782608,44,1,1,0.7939760869565219,44,0.9121058695652174
848529333460997273,3,1,0,0,3,0,0,0.6299666666666667,3,0.88899
849340104589638519,72,0.9722222222222222,0.027777777777777776,0,70,2,0,0.8129097222222222,70,0.9272062499999999
853742200082892937,88,0.9886363636363636,0.011363636363636364,0,87,1,0,0.8883420454545455,87,0.9596844318181817
855855725789352027,144,0.9861111111111112,0.013888888888888888,0,142,2,0,0.8639388888888888,142,0.9508483333333333
858149717467037356,107,0.9345794392523364,0.046728972,0.018691588785046728,100,5,2,0.6956869158878505,100,0.869453738
860456157306742203,28,0.9642857142857143,0.035714286,0,27,1,0,0.7565999999999998,27,0.9055514285714285
861537570036120212,3,1,0,0,3,0,0,0.8110666666666666,3,0.9433199999999999
861546093197749397,2,0.5,0.5,0,1,1,0,0.45745,0,
862937433041930349,3,0.6666666666666666,0,0.3333333333333333,2,0,1,0.2495666666666667,2,
863844892970037489,111,0.8828828828828829,0.063063063,0.054054054,98,7,6,0.611963964,98,0.8133189189189188
864626553512085398,20,1,0,0,20,0,0,0.660985,20,0.8982955
865239004844679725,2,0.5,0.5,0,1,1,0,0.2553,0,
865274341140619490,57,0.9298245614035088,0.070175439,0,53,4,0,0.8020280701754385,53,0.8985031578947368
866865651885840484,3,1,0,0,3,0,0,0.7520666666666668,3,0.92562
869072730009058199,2,1,0,0,2,0,0,0.9067,0,
876333522175705558,115,0.9478260869565217,0.052173913,0,109,6,0,0.8581721739130433,109,0.926147304
876697884979775209,182,0.9065934065934066,0.076923077,0.016483516483516484,165,14,3,0.6888549450549449,165,0.8506125274725274
876722369052154787,56,1,0,0,56,0,0,0.867555357,56,0.960266607
878370121733995990,45,0.9555555555555556,0,0.044444444444444446,43,0,2,0.7703133333333333,43,0.9044273333333334
878862056333914551,3,0.6666666666666666,0,0.3333333333333333,2,0,1,0.2557,2,
879196265859564176,119,0.9663865546218487,0.025210084033613446,0.008403361,115,3,1,0.8430806722689076,115,0.9327561344537815
879436538715595294,7,0.42857142857142855,0,0.5714285714285714,3,0,4,-0.049071429,3,0.34242142857142854
882118553188194767,19,0.8421052631578947,0.10526315789473684,0.052631579,16,2,1,0.6810473684210525,16,0.8095773684210524
882456132890457853,283,0.9434628975265018,0.045936395759717315,0.010600707,267,13,3,0.8068943462897527,267,0.9081460424028268
882867563553553192,113,0.9734513274336283,0.008849558,0.017699115044247787,110,1,2,0.8335398230088497,110,0.9341327433628318
882998998415627066,1,0,0,1,0,0,1,-0.4491,0,
884768768221411340,83,0.9759036144578314,0.012048192771084338,0.012048192771084338,81,1,1,0.8677469879518072,81,0.9458662650602409
886298263356849808,36,0.9166666666666666,0.083333333,0,33,3,0,0.7609333333333335,33,0.87828
887470269766818112,2,1,0,0,2,0,0,0.87615,0,
888285808816805700,8,0.75,0.125,0.125,6,1,1,0.5107,6,0.70321
888641457568207656,234,0.9529914529914529,0.025641026,0.021367521367521368,223,6,5,0.7883213675213675,223,0.908291282
889177047370607043,19,0.8947368421052632,0.052631579,0.052631579,17,1,1,0.7031684210526316,17,0.8477926315789474
891948760545234302,7,1,0,0,7,0,0,0.8166285714285715,7,0.9449885714285714
892213765539832900,82,1,0,0,82,0,0,0.924081707,82,0.9772245121951219
893351845697959822,11,1,0,0,11,0,0,0.8383181818181819,11,0.9514954545454545
893491971159406219,10,0.7,0.2,0.1,7,2,1,0.35366000000000003,7,0.6260979999999999
893599743745825317,2,0.5,0,0.5,1,0,1,0.036599999999999994,0,
897552551757178293,25,0.88,0,0.12,22,0,3,0.5574840000000001,22,0.7952452
897794135439663589,9,0.7777777777777778,0.2222222222222222,0,7,2,0,0.5352666666666668,7,0.7272466666666667
898073583345842373,10,1,0,0,10,0,0,0.9606199999999999,10,0.9881859999999999
900080541175587396,1,1,0,0,1,0,0,0.9402,0,
902254525225596090,137,0.9927007299270073,0,0.00729927,136,0,1,0.877178102,136,0.9587738686131386
903646421233879380,158,0.9873417721518988,0.012658227848101266,0,156,2,0,0.8881917721518988,156,0.9588625949367089
905338962206083514,65,0.9538461538461539,0.030769231,0.015384615384615385,62,2,1,0.7713307692307692,62,0.903706923
907174850297531415,1,1,0,0,1,0,0,0.7184,0,
907180103668747401,1,1,0,0,1,0,0,0.8442,0,
907282313787617895,2,1,0,0,2,0,0,0.8062,0,
909369994778752131,118,0.9661016949152542,0.008474576,0.025423728813559324,114,1,3,0.8287347457627119,114,0.928281441
911569360079657690,5,1,0,0,5,0,0,0.8295999999999999,5,0.94888
913080674405185238,17,1,0,0,17,0,0,0.8459117647058824,17,0.9537735294117646
918888170763302938,7,1,0,0,7,0,0,0.8322428571428572,7,0.9496728571428571
918902583577731712,48,0.9791666666666666,0.020833333333333332,0,47,1,0,0.7618083333333333,47,0.9160424999999999
918908760712923221,24,0.875,0.041666666666666664,0.083333333,21,1,2,0.6374833333333334,21,0.816245
919334265588428704,31,1,0,0,31,0,0,0.870925806,31,0.9612777419354838
920639768576772102,17,0.8823529411764706,0.058823529411764705,0.058823529411764705,15,1,1,0.7996117647058824,15,0.869295294
920872270055080416,2,0.5,0.5,0,1,1,0,0.4684,0,
923664929995259587,77,0.961038961,0.038961039,0,74,3,0,0.7179870129870128,74,0.8920194805194804
923943257491159543,76,0.8947368421052632,0.078947368,0.026315789,68,6,2,0.6986236842105263,68,0.8464292105263158
928201618110152471,44,0.9772727272727273,0.022727272727272728,0,43,1,0,0.8137727272727272,43,0.9304954545454545
928594772509581663,23,0.9130434782608695,0.086956522,0,21,2,0,0.7604826086956523,21,0.8759708695652174
936230623193697428,136,0.9852941176470589,0,0.014705882352941176,134,0,2,0.881605882,134,0.9556582352941175
936692401311410580,1,1,0,0,1,0,0,0.9363,0,
936699896346050780,1,1,0,0,1,0,0,0.8354,0,
936734976035587168,2,1,0,0,2,0,0,0.4674,0,
939052533424632183,19,0.9473684210526315,0,0.052631579,18,0,1,0.7228157894736842,18,0.8852657894736842
941903118048235136,12,0.8333333333333334,0.083333333,0.083333333,10,1,1,0.5814833333333332,10,0.7744449999999999
942038518472959280,19,0.9473684210526315,0.052631579,0,18,1,0,0.8965368421052633,18,0.9373821052631579
943445885197344456,13,0.9230769230769231,0.076923077,0,12,1,0,0.7669461538461537,12,0.88393
946535662085780737,176,0.9431818181818182,0.045454545454545456,0.011363636363636364,166,8,2,0.7413323863636364,166,0.8883088068181818
949875417963432801,24,0.9583333333333334,0.041666666666666664,0,23,1,0,0.841625,23,0.9274874999999999
950691856666093403,58,0.9482758620689655,0.017241379310344827,0.034482758620689655,55,1,2,0.7849224137931035,55,0.9044422413793104
952923821273909537,5,0.8,0.2,0,4,1,0,0.54864,4,0.7445919999999999
953581550038507834,78,0.9871794871794872,0.012820513,0,77,1,0,0.8502179487179486,77,0.9473730769230769
954293128029557493,126,1,0,0,126,0,0,0.8765880952380953,126,0.9629764285714285
958073554329598064,35,0.9714285714285714,0.028571429,0,34,1,0,0.8287942857142858,34,0.9314954285714285
958845821843195570,1,1,0,0,1,0,0,0.6249,0,
960160007267227808,38,0.9210526315789473,0.078947368,0,35,3,0,0.6986842105263157,35,0.8622368421052631
961600985879599973,158,0.9556962025316456,0.03164557,0.012658227848101266,151,5,2,0.7867962025316455,151,0.9094565822784809
965404068406656596,30,0.9666666666666667,0.033333333,0,29,1,0,0.8013233333333333,29,0.9203969999999999
966802576909857119,45,0.9777777777777777,0.022222222222222223,0,44,1,0,0.8883955555555557,44,0.9531853333333333
970306411933487925,4,0.5,0,0.5,2,0,2,0.16227499999999997,2,
971170715056061139,51,0.9019607843137255,0.039215686,0.058823529411764705,46,2,3,0.6665549019607844,46,0.8411429411764705
973446512456911547,1,1,0,0,1,0,0,0.5267,0,
973796043058439911,1,1,0,0,1,0,0,0.5719,0,
975577238632512707,2,1,0,0,2,0,0,0.9125000000000001,0,
977682067754714618,60,0.9833333333333333,0.016666666666666666,0,59,1,0,0.8984116666666667,59,0.9595235
978206671266426615,56,0.9107142857142857,0.017857142857142856,0.071428571,51,1,4,0.6225732142857144,51,0.8332005357142857
979850008423853738,3,1,0,0,3,0,0,0.6350666666666667,3,0.89052
981859093182421242,2,1,0,0,2,0,0,0.69025,0,
983221259360518570,8,0.875,0,0.125,7,0,1,0.61085,7,0.8082550000000001
983286738805956848,4,1,0,0,4,0,0,0.69075,4,0.907225
983295773848200302,4,1,0,0,4,0,0,0.898825,4,0.9696474999999999
983464931174368560,10,0.9,0.1,0,9,1,0,0.7798,9,0.87394
984772731511902830,5,1,0,0,5,0,0,0.8127800000000001,5,0.943834
985664413664267369,3,1,0,0,3,0,0,0.5642666666666667,3,0.8692799999999999
985718722089423910,2,1,0,0,2,0,0,0.93255,0,
988525985627729557,222,0.9684684684684685,0.027027027,0.004504505,215,6,1,0.8081360360360361,215,0.9235218918918918
989119431117046480,2,1,0,0,2,0,0,0.89785,0,
990635109306791934,4,1,0,0,4,0,0,0.7921,4,0.93763
992242130876943271,3,0.6666666666666666,0,0.3333333333333333,2,0,1,0.1413,2,
993514516160436935,67,0.9402985074626866,0,0.059701493,63,0,4,0.754565672,63,0.8905488059701493
993565960157061550,65,0.9692307692307692,0.030769231,0,63,2,0,0.8233661538461539,63,0.9285483076923077
994393687182619815,17,1,0,0,17,0,0,0.8111941176470588,17,0.9433582352941176
995923407058735923,32,0.96875,0.03125,0,31,1,0,0.78800625,31,0.9176518749999999
996677384265283457,48,0.9375,0.041666666666666664,0.020833333333333332,45,2,1,0.7659312500000001,45,0.892279375
998536599926251072,12,1,0,0,12,0,0,0.8832916666666666,12,0.9649875
1000187339554229800,42,0.9047619047619048,0.047619047619047616,0.047619047619047616,38,2,2,0.6671976190476191,38,0.8430164285714286
1005174549414227568,144,0.9583333333333334,0.027777777777777776,0.013888888888888888,138,4,2,0.7642868055555555,138,0.9042860416666666
1005310690470646814,141,0.9716312056737588,0.021276596,0.007092199,137,3,1,0.827804255,137,0.9313199999999999
1006400399584540556,10,1,0,0,10,0,0,0.7406400000000001,10,0.922192
1010370561359491414,111,0.990990991,0.009009009,0,110,1,0,0.8800405405405406,110,0.9586067567567567
1010379221825781606,8,0.875,0,0.125,7,0,1,0.5077125,7,0.77731375
1010909017159710545,74,0.9594594594594594,0.040540541,0,71,3,0,0.8056608108108108,71,0.9173739189189188
1010911074520828798,114,0.9912280701754386,0,0.00877193,113,0,1,0.8387245614035088,113,0.9463542105263157
1010912466655793353,39,0.9743589743589743,0.025641026,0,38,1,0,0.8401692307692307,38,0.9366661538461537
1010913582293343505,67,0.9701492537313433,0.014925373134328358,0.014925373134328358,65,1,1,0.8386522388059702,65,0.9336852238805969
1011575435556238608,93,0.9247311827956989,0.032258065,0.043010752688172046,86,3,4,0.7449666666666669,86,0.8783287096774194
1014485352046442965,4,1,0,0,4,0,0,0.7054,4,0.91162
1020167935565826657,31,1,0,0,31,0,0,0.9186419354838707,31,0.9755925806451612
1020296319693890470,2,1,0,0,2,0,0,0.75175,0,
1023381666826783402,97,0.9896907216494846,0.010309278350515464,0,96,1,0,0.8755144329896907,96,0.9564687628865979
1023856370036917010,2,1,0,0,2,0,0,0.95365,0,
1024691780349840958,1,1,0,0,1,0,0,0.3818,0,
1024714478293737569,15,0.8666666666666667,0.13333333333333333,0,13,2,0,0.59424,13,0.798272
1024748833485480042,1,1,0,0,1,0,0,0.9299,0,
1024760376071713468,2,1,0,0,2,0,0,0.5631,0,
1024842432343706742,191,0.9581151832460733,0.036649215,0.005235602,183,7,1,0.8005575916230366,183,0.915036387
1025519501649098001,55,0.9636363636363636,0.036363636,0,53,2,0,0.793781818,53,0.9163163636363635
1026691447210184316,15,1,0,0,15,0,0,0.89512,15,0.968536
1028939903477766891,7,1,0,0,7,0,0,0.8488428571428571,7,0.9546528571428571
1031903833841038956,4,1,0,0,4,0,0,0.9338,4,0.9801399999999999
1033233860246555049,3,1,0,0,3,0,0,0.9732,3,0.99196
1033304787276925692,5,1,0,0,5,0,0,0.90754,5,0.972262
1034158426026731912,5,0.6,0.4,0,3,2,0,0.53948,3,0.621844
1034978450961341124,23,0.9565217391304348,0,0.043478260869565216,22,0,1,0.7519217391304346,22,0.8994895652173912
1035542916138846233,41,0.9024390243902439,0.073170732,0.024390243902439025,37,3,1,0.7070024390243903,37,0.8535641463414635
1039900484774161450,23,0.9565217391304348,0.043478260869565216,0,22,1,0,0.7941043478260869,22,0.9121443478260869
1040040778184228497,14,1,0,0,14,0,0,0.7748571428571429,14,0.9324571428571428
1044439437877833867,31,1,0,0,31,0,0,0.8343612903225807,31,0.9503083870967741
1045078571216603276,2,0.5,0,0.5,1,0,1,0.07315,0,
1049424243347190680,33,0.9090909090909091,0,0.090909091,30,0,3,0.6444,30,0.8387745454545453
1049526592959514923,8,1,0,0,8,0,0,0.9020250000000001,8,0.9706075
1049602914569456426,17,0.8823529411764706,0.058823529411764705,0.058823529411764705,15,1,1,0.6854176470588235,15,0.8350370588235294
1058790575148981279,65,1,0,0,65,0,0,0.9004153846153846,65,0.9701246153846154
1060086073416700000,48,0.9375,0.0625,0,45,3,0,0.8436020833333334,45,0.9155806249999999
1062304117439172699,17,0.8823529411764706,0.058823529411764705,0.058823529411764705,15,1,1,0.6035705882352941,15,0.8104829411764706
1063811792288854209,4,1,0,0,4,0,0,0.649775,4,0.8949324999999999
1065950314171072677,1,1,0,0,1,0,0,0.9286,0,
1069123986654744941,126,0.9365079365079365,0.03968254,0.023809523809523808,118,5,3,0.7690595238095239,118,0.8926226190476191
1070293568337747118,25,0.88,0.04,0.08,22,1,2,0.585712,22,0.8037136
1070293638231636971,32,0.8125,0.09375,0.09375,26,3,3,0.535015625,26,0.7480046874999999
1080833875506859507,5,1,0,0,5,0,0,0.7652800000000001,5,0.929584
1081730379305845865,4,0.5,0.25,0.25,2,1,1,0.2489,2,
1081784836645830888,85,0.9647058823529412,0.023529411764705882,0.011764705882352941,82,2,1,0.8012517647058821,82,0.9191990588235294
1084422182151071509,1,1,0,0,1,0,0,0.9476,0,
1084425399164002372,3,1,0,0,3,0,0,0.8127,3,0.9438099999999999
1086250290987237386,76,0.9605263157894737,0.026315789,0.013157894736842105,73,2,1,0.8323315789473685,73,0.9260152631578947
1087712634366815282,14,1,0,0,14,0,0,0.8202928571428572,14,0.9460878571428571
1090625669075008789,23,0.9565217391304348,0.043478260869565216,0,22,1,0,0.8055260869565217,22,0.9155708695652174
1092332793373599781,17,0.9411764705882353,0.058823529411764705,0,16,1,0,0.7514235294117647,16,0.8901329411764706
1093365214492569345,7,0.8571428571428571,0,0.14285714285714285,6,0,1,0.6753,6,0.8168757142857143
1094148261271282497,78,0.9102564102564102,0.08974359,0,71,7,0,0.7523961538461539,71,0.8718726923076923
1094153643949217116,23,0.9565217391304348,0.043478260869565216,0,22,1,0,0.8162391304347827,22,0.9187847826086957
1094156637622971254,38,0.9736842105263158,0,0.026315789,37,0,1,0.8442947368421052,37,0.9374989473684211
1094159030042514107,44,0.9318181818181818,0.045454545454545456,0.022727272727272728,41,2,1,0.7435954545454545,41,0.8821695454545454
1094161726980583689,46,0.9347826086956522,0.043478260869565216,0.021739130434782608,43,2,1,0.7509739130434783,43,0.8861617391304347
1094339179675642557,3,1,0,0,3,0,0,0.9429333333333334,3,0.98288
1095274761485035794,68,0.9264705882352942,0.058823529411764705,0.014705882352941176,63,4,1,0.7562279411764705,63,0.8827507352941176
1099936800743844739,3,1,0,0,3,0,0,0.8852333333333333,3,0.9655699999999999
1104313189287284322,51,0.9411764705882353,0.019607843,0.039215686,48,1,2,0.7589764705882353,48,0.8923988235294117
1104653172216130984,3,1,0,0,3,0,0,0.9651333333333333,3,0.98954
1104970766040489845,45,0.9555555555555556,0.022222222222222223,0.022222222222222223,43,1,1,0.8321466666666669,43,0.9229773333333334
1105381340489564360,26,0.7692307692307693,0.23076923076923078,0,20,6,0,0.6416461538461539,20,0.7540323076923077
1105931001462173117,51,1,0,0,51,0,0,0.8463999999999999,51,0.95392
1106034657449956503,56,0.9464285714285714,0.035714286,0.017857142857142856,53,2,1,0.8029089285714287,53,0.9087298214285714
1106452937207072601,82,0.9634146341463414,0.012195121951219513,0.024390243902439025,79,1,2,0.813718293,79,0.9221642682926828
1106538949531737731,88,0.9204545454545454,0.022727272727272728,0.056818181818181816,81,2,5,0.7771511363636364,81,0.8854180681818181
1106559311142387266,48,0.9791666666666666,0,0.020833333333333332,47,0,1,0.8345604166666666,47,0.9378681249999998
1106580678470414784,59,1,0,0,59,0,0,0.8619525423728814,59,0.9585857627118644
1106791847906568631,17,0.8823529411764706,0.11764705882352941,0,15,2,0,0.7075529411764706,15,0.8416776470588235
1107079930234329048,2,1,0,0,2,0,0,0.9592499999999999,0,
1107346232269821551,8,0.625,0.125,0.25,5,1,2,0.3651625,5,0.58454875
1110994531908634372,4,0.75,0.25,0,3,1,0,0.56605,3,0.719815
1111948888326860136,1,1,0,0,1,0,0,0.5859,0,
1111954461802971282,1,1,0,0,1,0,0,0.9814,0,
1113166018462637884,6,1,0,0,6,0,0,0.7874666666666666,6,0.93624
1113174753557097083,2,1,0,0,2,0,0,0.6427499999999999,0,
1113177270096624065,12,0.9166666666666666,0,0.083333333,11,0,1,0.58675,11,0.8260249999999999
1113179248600563040,25,0.84,0.12,0.04,21,3,1,0.571984,21,0.7755952
1113181111239567027,9,0.8888888888888888,0.1111111111111111,0,8,1,0,0.5944222222222222,8,0.8116599999999999
1113661637639799072,1,1,0,0,1,0,0,0.9349,0,
1114403624444118518,17,1,0,0,17,0,0,0.901,17,0.9702999999999999
1116217688928918816,31,0.967741935,0,0.032258065,30,0,1,0.8376709677419354,30,0.9319464516129031
1116739805180115235,64,0.984375,0.015625,0,63,1,0,0.8822390625000001,63,0.955296719
1116832622290961369,151,0.9470198675496688,0.026490066225165563,0.026490066225165563,143,4,4,0.7837576158940397,143,0.9033392052980131
1117413461067754985,5,1,0,0,5,0,0,0.73554,5,0.920662
1117598350514697901,4,1,0,0,4,0,0,0.8868750000000001,4,0.9660624999999999
1118302896790224806,1,1,0,0,1,0,0,0.8126,0,
1122471624249767872,56,0.8928571428571429,0.035714286,0.071428571,50,2,4,0.6231053571428572,50,0.8226458928571428
1124719009527206467,58,0.9137931034482759,0.086206897,0,53,5,0,0.7665551724137931,53,0.8782424137931034
1126459132722218774,29,0.9310344827586207,0.034482758620689655,0.034482758620689655,27,1,1,0.7271689655172415,27,0.8767713793103449
1126660584693632103,7,0.8571428571428571,0,0.14285714285714285,6,0,1,0.6197285714285714,6,0.8002042857142856
1127616922318643468,22,0.9545454545454546,0.045454545454545456,0,21,1,0,0.8038227272727275,21,0.913874091
1128294399816081218,22,0.8636363636363636,0.13636363636363635,0,19,3,0,0.6225227272727273,19,0.8049386363636364
1129780706287695344,12,1,0,0,12,0,0,0.9065249999999998,12,0.9719574999999999
1133083026976102060,20,1,0,0,20,0,0,0.9075850000000001,20,0.9722755
1133297575250380615,10,1,0,0,10,0,0,0.89505,10,0.9685149999999999
1133522591062821563,13,1,0,0,13,0,0,0.8162307692307691,13,0.9448692307692307
1134926144572020168,16,0.8125,0.125,0.0625,13,2,1,0.65254375,13,0.783263125
1135001851502439431,47,0.9574468085106383,0.021276596,0.021276596,45,1,1,0.8184446808510637,45,0.9200014893617021
1142233835882550764,3,1,0,0,3,0,0,0.7591,3,0.9277299999999999
1142440434925996325,58,0.9655172413793104,0.034482758620689655,0,56,2,0,0.8338034482758621,56,0.9294513793103448
1142807622569299710,4,0.5,0.25,0.25,2,1,1,-0.025875,2,
1142815338581148017,6,0.6666666666666666,0,0.3333333333333333,4,0,2,0.13243333333333338,4,0.5397299999999999
1142820769414597557,2,0.5,0,0.5,1,0,1,0.14815,0,
1142847821143020381,3,0.3333333333333333,0,0.6666666666666666,1,0,2,-0.222133333,1,
1144887340383287111,55,1,0,0,55,0,0,0.8265818181818181,55,0.9479745454545454
1145081085596277206,13,1,0,0,13,0,0,0.8352999999999999,13,0.9505899999999999
1150077706926227637,5,0.8,0,0.2,4,0,1,0.53198,4,0.739594
1150444759423573259,1,1,0,0,1,0,0,0.9418,0,
1152006178970160354,5,1,0,0,5,0,0,0.7094799999999999,5,0.9128439999999999
1152220640333353300,40,0.9,0.075,0.025,36,3,1,0.696745,36,0.8490235
1154626508257612771,41,0.975609756,0.024390243902439025,0,40,1,0,0.8020975609756097,40,0.9259951219512194
1155763273449553869,1,1,0,0,1,0,0,0.8221,0,
1159199335841600820,54,0.9074074074074074,0.074074074,0.018518518518518517,49,4,1,0.7110962962962963,49,0.8577733333333333
1160748315281740743,25,0.88,0.04,0.08,22,1,2,0.628224,22,0.8164672000000001
1161044552710631852,77,0.961038961,0.012987012987012988,0.025974025974025976,74,1,2,0.8330064935064935,74,0.9265253246753246
1163799878116771863,17,0.9411764705882353,0.058823529411764705,0,16,1,0,0.7919411764705883,16,0.9022882352941176
1166670440599633113,29,0.9655172413793104,0,0.034482758620689655,28,0,1,0.7698379310344827,28,0.910261724
1166934200355238381,2,1,0,0,2,0,0,0.894,0,
1170257328920969861,1,1,0,0,1,0,0,0.9627,0,
1171052507160697663,45,0.8444444444444444,0.066666667,0.088888889,38,3,4,0.6418444444444444,38,0.7992199999999999
1178851161298691193,3,1,0,0,3,0,0,0.3229,3,0.79687
1179031414306070533,6,0.5,0.3333333333333333,0.16666666666666666,3,2,1,0.17180000000000004,3,0.45154000000000005
1179914627003435458,1,1,0,0,1,0,0,0.7845,0,
1181083148128935410,1,1,0,0,1,0,0,0.9656,0,
1186315581218508765,12,1,0,0,12,0,0,0.7761833333333334,12,0.932855
1186889553110548477,10,1,0,0,10,0,0,0.77905,10,0.933715
1187017457295458163,12,1,0,0,12,0,0,0.8045666666666667,12,0.9413699999999999
1187651377864666755,8,0.75,0.25,0,6,2,0,0.435425,6,0.6806274999999999
1187654038507142546,18,0.8888888888888888,0.055555556,0.055555556,16,1,1,0.6177944444444445,16,0.8186716666666667
1187654891108639739,9,1,0,0,9,0,0,0.6842777777777778,9,0.9052833333333333
1187655027946050868,7,1,0,0,7,0,0,0.6640428571428572,7,0.8992128571428571
1188361477494430060,4,0.75,0.25,0,3,1,0,0.6603,3,0.7480899999999999
1188394996392352169,14,0.9285714285714286,0.071428571,0,13,1,0,0.76,13,0.8851428571428571
1188426245460112631,3,1,0,0,3,0,0,0.7432666666666666,3,0.9229799999999999
1192450867400001874,1,0,0,1,0,0,1,-0.3612,0,
1193442460146924406,12,0.6666666666666666,0.16666666666666666,0.16666666666666666,8,2,2,0.34315,8,0.602945
1194792849734805288,1,1,0,0,1,0,0,0.7096,0,
1194802024029442726,1,1,0,0,1,0,0,0.8622,0,
1197087527640360851,3,0.6666666666666666,0.3333333333333333,0,2,1,0,0.3306,2,
1197138515042538277,2,1,0,0,2,0,0,0.9492499999999999,0,
1197258083927828313,1,1,0,0,1,0,0,0.9737,0,
1197267740512029356,1,1,0,0,1,0,0,0.9556,0,
1199973605654503427,45,1,0,0,45,0,0,0.8681600000000002,45,0.960448
1205737768690892825,17,1,0,0,17,0,0,0.8426941176470588,17,0.9528082352941175
1208950964470369892,15,1,0,0,15,0,0,0.8610666666666668,15,0.95832
1209266406326592952,1,1,0,0,1,0,0,0.9568,0,
1211509170073746140,1,1,0,0,1,0,0,0.9357,0,
1212303517962999522,8,0.875,0,0.125,7,0,1,0.531925,7,0.7845775
1213039382454064013,5,1,0,0,5,0,0,0.83216,5,0.9496479999999999
1213873399246086642,4,0.75,0,0.25,3,0,1,0.40515,3,0.671545
1216126084473516988,48,0.875,0.041666666666666664,0.083333333,42,2,4,0.5942333333333333,42,0.80327
1216606855516851447,21,0.9523809523809523,0,0.047619047619047616,20,0,1,0.7791904761904762,20,0.9051857142857143
1217324115667396997,3,0.6666666666666666,0,0.3333333333333333,2,0,1,0.2828,2,
1220294381559714474,5,0.6,0.2,0.2,3,1,1,0.25118,3,0.535354
1223632914261316998,5,1,0,0,5,0,0,0.86298,5,0.9588939999999999
1226036996246736623,4,1,0,0,4,0,0,0.909475,4,0.9728424999999999
1227090143212975414,42,1,0,0,42,0,0,0.8990190476190476,42,0.9697057142857143
1229152569114019744,5,1,0,0,5,0,0,0.8121400000000001,5,0.943642
1231478583348693118,4,1,0,0,4,0,0,0.8052,4,0.94156
1231961794924083952,40,0.975,0.025,0,39,1,0,0.7891325,39,0.92173975
1232944190817578996,6,1,0,0,6,0,0,0.8329666666666666,6,0.9498899999999999
1233483406514620037,23,0.9130434782608695,0.043478260869565216,0.043478260869565216,21,1,1,0.7324391304347826,21,0.8675578260869564
1237733772362574074,56,0.9464285714285714,0.017857142857142856,0.035714286,53,1,2,0.7977589285714285,53,0.9071848214285714
1238520902231056293,11,0.9090909090909091,0.090909091,0,10,1,0,0.7294454545454545,10,0.8642881818181817
1243671610151641148,2,0,1,0,0,2,0,0,0,
1244469233578592623,3,0.6666666666666666,0,0.3333333333333333,2,0,1,0.3933,2,
1246547785853916126,16,1,0,0,16,0,0,0.8321937500000001,16,0.9496581249999999
1248266742423715072,5,0.8,0.2,0,4,1,0,0.72688,4,0.798064
1249317617031114045,3,1,0,0,3,0,0,0.6011333333333333,3,0.8803399999999999
1249883379640182865,2,1,0,0,2,0,0,0.9181999999999999,0,
1250011748296284859,1,1,0,0,1,0,0,0.7351,0,
1251019657102681423,51,0.9803921568627451,0.019607843,0,50,1,0,0.8829313725490194,50,0.9531147058823527
1252085484312825516,2,0.5,0.5,0,1,1,0,0.42775,0,
1253907525539317444,55,0.9636363636363636,0.018181818,0.018181818,53,1,1,0.8338654545454545,53,0.9283414545454544
1254239207141792883,7,1,0,0,7,0,0,0.7456571428571428,7,0.9236971428571428
1254296063610900328,7,0.7142857142857143,0.2857142857142857,0,5,2,0,0.442,5,0.6611714285714285
1254585216831930600,9,1,0,0,9,0,0,0.6315000000000001,9,0.88945
1254636275854124333,3,1,0,0,3,0,0,0.7351666666666666,3,0.92055
1254952192357888486,5,1,0,0,5,0,0,0.68616,5,0.905848
1254988378223468283,9,1,0,0,9,0,0,0.725511111,9,0.9176533333333332
1258027856761385118,3,1,0,0,3,0,0,0.6744666666666667,3,0.9023399999999999
1258215755368327135,2,1,0,0,2,0,0,0.9378,0,
1258215783190013565,1,1,0,0,1,0,0,0.9599,0,
1258215808908702912,3,1,0,0,3,0,0,0.818,3,0.9453999999999999
1258215841626200499,5,1,0,0,5,0,0,0.8577,5,0.95731
1258215870922577210,2,0.5,0,0.5,1,0,1,-0.1364,0,
1259618032014757406,3,1,0,0,3,0,0,0.6248666666666667,3,0.8874599999999999
1259675167556718057,1,1,0,0,1,0,0,0.9133,0,
1263865399437051621,17,0.7058823529411765,0.17647058823529413,0.11764705882352941,12,3,2,0.45802352941176466,12,0.6609364705882352
1264525696822358116,6,0.6666666666666666,0.16666666666666666,0.16666666666666666,4,1,1,0.45026666666666665,4,0.63508
1264556127649367167,4,1,0,0,4,0,0,0.9282250000000001,4,0.9784674999999999
1264568465880795785,7,0.7142857142857143,0.2857142857142857,0,5,2,0,0.5012,5,0.6789314285714285
1264576489970661997,5,1,0,0,5,0,0,0.86624,5,0.959872
1264590933970489715,2,0.5,0.5,0,1,1,0,0.31245,0,
1264610360306001030,4,0.75,0,0.25,3,0,1,0.5731999999999999,3,0.7219599999999999
1265214876823826383,2,1,0,0,2,0,0,0.875,0,
1265460091980810072,14,0.8571428571428571,0.071428571,0.071428571,12,1,1,0.6841571428571428,12,0.8195328571428571
1268226155222722772,34,0.9411764705882353,0.029411764705882353,0.029411764705882353,32,1,1,0.7416323529411766,32,0.8871955882352941
1269075729323599305,14,0.8571428571428571,0,0.14285714285714285,12,0,2,0.6718071428571429,12,0.8158278571428571
1269828125616321901,6,0.8333333333333334,0.16666666666666666,0,5,1,0,0.42050000000000004,5,0.72615
1273343107801103525,11,0.9090909090909091,0.090909091,0,10,1,0,0.777609091,10,0.8787372727272728
1274565074997749520,4,1,0,0,4,0,0,0.728375,4,0.9185125
1281416666444223883,55,0.9454545454545454,0.054545455,0,52,3,0,0.7647345454545456,52,0.8966930909090909
1281541641269129874,2,1,0,0,2,0,0,0.48355,0,
1281568736610336383,6,1,0,0,6,0,0,0.7621666666666668,6,0.92865
1283481555462262286,1,1,0,0,1,0,0,0.9601,0,
1284797925460237313,111,0.963963964,0.036036036036036036,0,107,4,0,0.7832972972972974,107,0.9133675675675675
1285488244399824852,31,0.967741935,0,0.032258065,30,0,1,0.8687354838709677,30,0.941265806
1289107191343604917,13,1,0,0,13,0,0,0.9167384615384617,13,0.9750215384615385
1289136148781767542,4,1,0,0,4,0,0,0.808575,4,0.9425724999999999
1290769161710005717,8,0.875,0.125,0,7,1,0,0.680825,7,0.8292475
1292717600642360565,15,1,0,0,15,0,0,0.8685933333333333,15,0.9605779999999999
1294911445489209968,39,0.9487179487179487,0.051282051,0,37,2,0,0.7999384615384616,37,0.9092123076923077
1297426118285710735,9,0.7777777777777778,0.1111111111111111,0.1111111111111111,7,1,1,0.6326777777777777,7,0.75647
1298054626162676731,1,1,0,0,1,0,0,0.6588,0,
1300686397183503456,41,0.975609756,0.024390243902439025,0,40,1,0,0.7914707317073171,40,0.9228070731707316
1301444093797236558,1,1,0,0,1,0,0,0.6249,0,
1301858708855663782,3,1,0,0,3,0,0,0.9478,3,0.9843399999999999
1301871511601665734,2,1,0,0,2,0,0,0.9296,0,
1302920366325903405,1,1,0,0,1,0,0,0.6588,0,
1303964477988774088,31,0.9354838709677419,0.064516129,0,29,2,0,0.7715064516129034,29,0.8927422580645161
1303966501886026574,8,1,0,0,8,0,0,0.87265,8,0.961795
1304689019380054605,2,1,0,0,2,0,0,0.9461999999999999,0,
1305816679198562589,27,0.9259259259259259,0.037037037037037035,0.037037037037037035,25,1,1,0.7119925925925925,25,0.8691533333333333
1305876200336755530,12,1,0,0,12,0,0,0.7839666666666667,12,0.93519
1310808548325201994,1,1,0,0,1,0,0,0.9427,0,
1310975938412513596,3,0.6666666666666666,0.3333333333333333,0,2,1,0,0.5495,2,
1312399704046005018,16,1,0,0,16,0,0,0.8714312500000001,16,0.9614293749999999
1313755115307058206,1,1,0,0,1,0,0,0.6908,0,
1314804205076057495,5,1,0,0,5,0,0,0.8429800000000001,5,0.952894
1320369317634135695,83,0.927710843,0.072289157,0,77,6,0,0.7483927710843374,77,0.8811443373493976
1320369319651462745,86,0.9418604651162791,0.046511627906976744,0.011627906976744186,81,4,1,0.7006848837209303,81,0.8753217441860465
1322554045705984466,25,1,0,0,25,0,0,0.8708720000000001,25,0.9612615999999999
1323836282604177972,3,1,0,0,3,0,0,0.7656333333333333,3,0.9296899999999999
1329363380596670390,3,1,0,0,3,0,0,0.9663,3,0.9898899999999999
1332912508617969439,19,1,0,0,19,0,0,0.9161684210526317,19,0.9748505263157895
1333464727263115102,2,1,0,0,2,0,0,0.72105,0,
1334313182120373470,4,1,0,0,4,0,0,0.93475,4,0.980425
1334852448877818971,12,1,0,0,12,0,0,0.7914416666666666,12,0.9374324999999999
1335964795468388530,10,1,0,0,10,0,0,0.60197,10,0.880591
1336746191712136844,8,1,0,0,8,0,0,0.8992625,8,0.9697787499999999
1340987659942325561,35,0.9142857142857143,0.057142857,0.028571429,32,2,1,0.6734742857142856,32,0.8506137142857141
1342281449564708174,32,0.9375,0.0625,0,30,2,0,0.8000375,30,0.90251125
1343113942184694686,2,1,0,0,2,0,0,0.80765,0,
1344228481490726990,1,1,0,0,1,0,0,0.9796,0,
1344951713329153532,2,0.5,0,0.5,1,0,1,0.1421,0,
1345170046719762263,1,1,0,0,1,0,0,0.8316,0,
1345239313751439166,3,1,0,0,3,0,0,0.9492333333333334,3,0.98477
1346522592171840626,8,1,0,0,8,0,0,0.7511,8,0.9253299999999999
1346735445878689994,18,1,0,0,18,0,0,0.8198444444444445,18,0.9459533333333333
1347236189348326241,4,0.75,0.25,0,3,1,0,0.5553250000000001,3,0.7165974999999999
1347287034897088886,3,1,0,0,3,0,0,0.7896666666666666,3,0.9369
1347293364082656645,41,0.9512195121951219,0.024390243902439025,0.024390243902439025,39,1,1,0.7565268292682927,39,0.8976897560975609
1347348894262164980,9,1,0,0,9,0,0,0.770288889,9,0.9310866666666666
1347354502902153727,4,0.5,0.25,0.25,2,1,1,0.0748,2,
1350267697837221897,1,1,0,0,1,0,0,0.6588,0,
1350283457772391886,3,1,0,0,3,0,0,0.8856,3,0.96568
1350789632978356048,4,1,0,0,4,0,0,0.93635,4,0.980905
1350969442037080382,2,0.5,0,0.5,1,0,1,0.356,0,
1351019453982365609,1,1,0,0,1,0,0,0.8805,0,
1352786961167656284,2,1,0,0,2,0,0,0.8631500000000001,0,
1353702701210232934,27,1,0,0,27,0,0,0.867674074,27,0.9603022222222222
1353719926313353001,28,0.9642857142857143,0.035714286,0,27,1,0,0.7223857142857143,27,0.8952871428571428
1355862130430773146,1,1,0,0,1,0,0,0.7184,0,
1358017690644935324,20,1,0,0,20,0,0,0.767555,20,0.9302665
1359513299075351416,77,0.987012987,0,0.012987012987012988,76,0,1,0.8503870129870129,76,0.947323896
1359649883634343323,24,0.9583333333333334,0.041666666666666664,0,23,1,0,0.8253791666666667,23,0.9226137499999999
1362615499770599211,1,1,0,0,1,0,0,0.9473,0,
1363987964439969291,3,1,0,0,3,0,0,0.8567999999999999,3,0.9570399999999999
1364550588477377988,1,1,0,0,1,0,0,0.9701,0,
1364769671537263524,63,0.9206349206349206,0.063492063,0.015873015873015872,58,4,1,0.7061777777777777,58,0.8642342857142856
1366890748262226704,4,1,0,0,4,0,0,0.926575,4,0.9779725
1369622685589752198,1,1,0,0,1,0,0,0.5106,0,
1370356122121969673,2,0.5,0,0.5,1,0,1,0.38775,0,
1370409536976416669,3,1,0,0,3,0,0,0.7925,3,0.93775
1370422114666479169,5,1,0,0,5,0,0,0.7348999999999999,5,0.9204699999999999
1370622025254396866,6,1,0,0,6,0,0,0.8057166666666667,6,0.941715
1371024449753031809,26,1,0,0,26,0,0,0.8558846153846152,26,0.9567653846153845
1372834708507516480,15,1,0,0,15,0,0,0.9272866666666668,15,0.978186
1374542800057908316,29,0.9310344827586207,0,0.068965517,27,0,2,0.7384137931034485,27,0.8801448275862069
1377440125856735172,11,0.9090909090909091,0,0.090909091,10,0,1,0.7522090909090909,10,0.8711172727272727
1381209284391312788,17,0.9411764705882353,0.058823529411764705,0,16,1,0,0.7166117647058823,16,0.8796894117647058
1381209380260762933,10,1,0,0,10,0,0,0.8328200000000001,10,0.949846
1381209466223359822,19,0.9473684210526315,0.052631579,0,18,1,0,0.6287473684210527,18,0.8570452631578948
1383413318275421209,27,0.9259259259259259,0.037037037037037035,0.037037037037037035,25,1,1,0.7551962962962963,25,0.8821144444444444
1383869369440600577,6,0.6666666666666666,0.16666666666666666,0.16666666666666666,4,1,1,0.3436666666666666,4,0.6031
1386076272128025966,2,1,0,0,2,0,0,0.7425,0,
1386299436748750838,37,0.9459459459459459,0.027027027,0.027027027,35,1,1,0.8077783783783784,35,0.909901081
1394443050212559627,4,1,0,0,4,0,0,0.936975,4,0.9810924999999999
1399350105408660909,20,1,0,0,20,0,0,0.84267,20,0.9528009999999999
1399406669847756900,1,1,0,0,1,0,0,0.7351,0,
1399559713325689017,5,0.8,0.2,0,4,1,0,0.49193999999999993,4,0.727582
1401084961277434353,9,1,0,0,9,0,0,0.8673555555555555,9,0.9602066666666665
1401663909805406842,22,0.9090909090909091,0.045454545454545456,0.045454545454545456,20,1,1,0.7572818181818182,20,0.8726390909090909
1405001876822340211,1,1,0,0,1,0,0,0.8074,0,
1405046833405244544,18,1,0,0,18,0,0,0.8788611111111112,18,0.9636583333333333
1409017740855710230,2,1,0,0,2,0,0,0.8777,0,
1409107014141524661,2,1,0,0,2,0,0,0.9656,0,
1409530530062960221,21,1,0,0,21,0,0,0.8317238095238098,21,0.9495171428571428
1411887860396257482,9,1,0,0,9,0,0,0.906511111,9,0.9719533333333333
1416183160539546520,11,0.8181818181818182,0.18181818181818182,0,9,2,0,0.7093636363636364,9,0.8037181818181818
1417308716026554811,1,1,0,0,1,0,0,0.9629,0,
1419093567870054377,7,0.8571428571428571,0.14285714285714285,0,6,1,0,0.7899571428571429,6,0.851272857
1419472073265141182,2,0.5,0.5,0,1,1,0,0.38615,0,
1422126927469746616,10,1,0,0,10,0,0,0.68306,10,0.904918
1423147576969215626,17,0.9411764705882353,0.058823529411764705,0,16,1,0,0.8374235294117646,16,0.9159329411764705
1424597405566028018,1,1,0,0,1,0,0,0.9611,0,
1424630812273374811,1,1,0,0,1,0,0,0.8431,0,
1426043236931161244,21,1,0,0,21,0,0,0.7517285714285713,21,0.9255185714285713
1427855052135903431,21,0.9523809523809523,0.047619047619047616,0,20,1,0,0.763552381,20,0.9004942857142857
1428017856864006057,17,1,0,0,17,0,0,0.8005647058823528,17,0.9401694117647058
1431973034166569735,5,1,0,0,5,0,0,0.64162,5,0.892486
1432525114906863816,1,1,0,0,1,0,0,0.9001,0,
1436159574301351126,1,1,0,0,1,0,0,0.7351,0,
1437007519510257103,10,0.9,0.1,0,9,1,0,0.7231299999999999,9,0.856939
1439242935263171632,2,1,0,0,2,0,0,0.7391,0,
1440036086563624799,7,0.8571428571428571,0.14285714285714285,0,6,1,0,0.5912,6,0.7916457142857142
1442219912105236312,6,1,0,0,6,0,0,0.7434,6,0.92302
1444551423614326680,1,1,0,0,1,0,0,0.9393,0,
1445033628917255959,10,0.9,0,0.1,9,0,1,0.7027500000000001,9,0.850825
1447260168339004937,3,0.3333333333333333,0.6666666666666666,0,1,2,0,0.26703333333333334,1,
1450706392766029768,2,1,0,0,2,0,0,0.6983,0,
1451041028551781560,2,1,0,0,2,0,0,0.6621,0,
1452068704280129806,2,0.5,0.5,0,1,1,0,0.4342,0,
1452070118715948630,2,1,0,0,2,0,0,0.8884000000000001,0,
1453733289440164769,1,1,0,0,1,0,0,0.9224,0,
1455357306477550222,8,0.875,0.125,0,7,1,0,0.6996374999999999,7,0.83489125
1455673871291198399,6,1,0,0,6,0,0,0.7026499999999999,6,0.9107949999999999
1455678913796472284,3,0.6666666666666666,0.3333333333333333,0,2,1,0,0.5027666666666667,2,
1455679403853645011,3,1,0,0,3,0,0,0.6951333333333333,3,0.9085399999999999
1455891514167841022,6,1,0,0,6,0,0,0.7999666666666666,6,0.93999
1457981080661342883,40,1,0,0,40,0,0,0.8589749999999998,40,0.9576925
1458169040054476924,7,1,0,0,7,0,0,0.7965571428571429,7,0.9389671428571428
1459499887613475458,10,1,0,0,10,0,0,0.9020199999999999,10,0.970606
1466110132956687504,2,0,0.5,0.5,0,1,1,-0.13085,0,
1469727630679239036,1,1,0,0,1,0,0,0.5994,0,
1472400793163456074,5,1,0,0,5,0,0,0.89818,5,0.9694539999999999
1475478567311696855,3,0.6666666666666666,0.3333333333333333,0,2,1,0,0.5098,2,
1475558951144418180,10,1,0,0,10,0,0,0.89307,10,0.9679209999999999
1476368987225773272,9,0.8888888888888888,0,0.1111111111111111,8,0,1,0.6085444444444446,8,0.8158966666666666
1477176745424380229,1,1,0,0,1,0,0,0.9528,0,
1477919882152614279,18,0.8888888888888888,0.055555556,0.055555556,16,1,1,0.7055222222222222,16,0.8449899999999999
1478477662722016148,1,1,0,0,1,0,0,0.3612,0,
1481491740092045469,26,0.9230769230769231,0.076923077,0,24,2,0,0.7841653846153845,24,0.8890957692307692
1481497133976257780,20,1,0,0,20,0,0,0.77111,20,0.931333
1481501155567124474,30,0.9,0.066666667,0.033333333,27,2,1,0.6832133333333332,27,0.8449639999999999
1483308879674147338,5,1,0,0,5,0,0,0.83302,5,0.9499059999999999
1484115793121887771,2,1,0,0,2,0,0,0.6979500000000001,0,
1484935948674803290,2,1,0,0,2,0,0,0.901,0,
1485636431268665942,19,1,0,0,19,0,0,0.9232947368421053,19,0.9769884210526315
1485740908194332674,5,1,0,0,5,0,0,0.9509400000000001,5,0.985282
1489181215263661797,9,1,0,0,9,0,0,0.8937333333333333,9,0.96812
1489966711179263819,2,1,0,0,2,0,0,0.7997000000000001,0,
1491379258440610080,2,1,0,0,2,0,0,0.9592,0,
1492901978236141772,1,1,0,0,1,0,0,0.7346,0,
1495708563582814313,3,1,0,0,3,0,0,0.5139999999999999,3,0.8542
1495797762208735734,1,0,0,1,0,0,1,-0.1027,0,
1498000499067869087,8,1,0,0,8,0,0,0.7486999999999999,8,0.9246099999999999
1499342846319227880,2,0.5,0,0.5,1,0,1,-0.1575,0,
1499360098914975621,2,1,0,0,2,0,0,0.8683000000000001,0,
1500034715684926075,7,1,0,0,7,0,0,0.7021,7,0.9106299999999999
1500036597800900386,9,0.7777777777777778,0.1111111111111111,0.1111111111111111,7,1,1,0.4799555555555556,7,0.7106533333333334
1500781517794208078,12,0.75,0.083333333,0.16666666666666666,9,1,2,0.5207,9,0.7062099999999999
1502288615824196658,3,1,0,0,3,0,0,0.7548666666666666,3,0.92646
1503672712688188975,1,1,0,0,1,0,0,0.5423,0,
1508344559040593835,15,0.8,0.066666667,0.13333333333333333,12,1,2,0.53898,12,0.741694
1508820296942511977,1,1,0,0,1,0,0,0.8653,0,
1508971859068616079,1,1,0,0,1,0,0,0.4404,0,
1512303928894743854,4,1,0,0,4,0,0,0.8470499999999999,4,0.9541149999999999
1515496545420419255,4,0.75,0.25,0,3,1,0,0.64175,3,0.742525
1517058816752107145,1,1,0,0,1,0,0,0.8583,0,
1517365241063441314,1,1,0,0,1,0,0,0.984,0,
1518379946616491017,6,1,0,0,6,0,0,0.7720833333333333,6,0.9316249999999999
1523213465801890386,2,1,0,0,2,0,0,0.9606,0,
1531349538560141698,1,1,0,0,1,0,0,0.9528,0,
1536585445416126682,1,1,0,0,1,0,0,0.7506,0,
