listing_id,total_reviews,vibe_tags
7101,352,Cozy & Homey | Exceptional Host | Highly Walkable | Prime Location | Fully Equipped
23395,145,Cozy & Homey | Exceptional Host | Fully Equipped | Above & Beyond | Spotless & Pristine
68229,140,Exceptional Host | Cozy & Homey | Prime Location | Fully Equipped | Spotless & Pristine
105960,81,Exceptional Host | Cozy & Homey | Fully Equipped | Prime Location | Above & Beyond
223778,81,Exceptional Host | Cozy & Homey | Prime Location | Highly Walkable | Responsive & Clear
533609,47,Prime Location | Exceptional Host | Cozy & Homey | Responsive & Clear | Fully Equipped
758778,56,Exceptional Host | Cozy & Homey | Spotless & Pristine | Prime Location | Historic Charm
1053903,80,Exceptional Host | Cozy & Homey | Prime Location | Responsive & Clear | Climate Comfort
1142940,112,Cozy & Homey | Exceptional Host | Responsive & Clear | Historic Charm | Spotless & Pristine
1404315,155,Exceptional Host | Cozy & Homey | Highly Walkable | Prime Location | Fully Equipped
1516053,28,Exceptional Host | Prime Location | Cozy & Homey | Fully Equipped | Safe & Quiet
1636325,20,Exceptional Host | Cozy & Homey | Highly Walkable | Responsive & Clear | Fully Equipped
1737756,19,Exceptional Host | Cozy & Homey | Responsive & Clear | Prime Location | Highly Walkable
2406456,20,Exceptional Host | Spacious & Bright | Cozy & Homey | Historic Charm | Prime Location
3583350,74,Cozy & Homey | Outdoor Oasis | Prime Location | Responsive & Clear | Exceptional Host
3737087,39,Prime Location | Exceptional Host | Cozy & Homey | Highly Walkable | Fully Equipped
3990025,181,Cozy & Homey | Prime Location | Outdoor Oasis | Exceptional Host | Highly Walkable
4622181,30,Exceptional Host | Cozy & Homey | Fully Equipped | Responsive & Clear | Historic Charm
4767052,19,Cozy & Homey | Exceptional Host | Highly Walkable | Prime Location | Fully Equipped
4793973,243,Cozy & Homey | Prime Location | Fully Equipped | Exceptional Host | Responsive & Clear
4912647,520,Cozy & Homey | Prime Location | Historic Charm | Exceptional Host | Outdoor Oasis
5120343,169,Cozy & Homey | Exceptional Host | Responsive & Clear | Prime Location | Spacious & Bright
6585175,57,Exceptional Host | Cozy & Homey | Spotless & Pristine | Prime Location | Fully Equipped
6624762,19,Exceptional Host | Highly Walkable | Fully Equipped | Cozy & Homey | Responsive & Clear
6731533,9,Responsive & Clear | Fully Equipped | Cozy & Homey | Prime Location | Spotless & Pristine
7240316,111,Exceptional Host | Cozy & Homey | Prime Location | Spotless & Pristine | Highly Walkable
7293053,205,Cozy & Homey | Prime Location | Highly Walkable | Fully Equipped | Responsive & Clear
8173194,72,Exceptional Host | Cozy & Homey | Responsive & Clear | Prime Location | Fully Equipped
8353332,234,Exceptional Host | Cozy & Homey | Prime Location | Responsive & Clear | Highly Walkable
8880737,55,Cozy & Homey | Exceptional Host | Responsive & Clear | Prime Location | Fully Equipped
9094456,51,Cozy & Homey | Prime Location | Exceptional Host | Responsive & Clear | Fully Equipped
9543946,35,Cozy & Homey | Exceptional Host | Spotless & Pristine | Fully Equipped | Above & Beyond
9611871,41,Exceptional Host | Cozy & Homey | Above & Beyond | Spotless & Pristine | Prime Location
9792873,90,Cozy & Homey | Exceptional Host | Prime Location | Spacious & Bright | Outdoor Oasis
11640390,205,Cozy & Homey | Prime Location | Artistic & Curated | Outdoor Oasis | Responsive & Clear
12089948,140,Exceptional Host | Cozy & Homey | Fully Equipped | Prime Location | Outdoor Oasis
12531604,258,Cozy & Homey | Prime Location | Fully Equipped | Spotless & Pristine | Exceptional Host
12792772,328,Cozy & Homey | Prime Location | Fully Equipped | Spacious & Bright | Exceptional Host
13361222,558,Prime Location | Cozy & Homey | Fully Equipped | Modern & Updated | Spotless & Pristine
13991946,12,Exceptional Host | Cozy & Homey | Highly Walkable | Fully Equipped | Prime Location
14309254,508,Cozy & Homey | Fully Equipped | Prime Location | Exceptional Host | Highly Walkable
14340087,468,Prime Location | Cozy & Homey | Fully Equipped | Highly Walkable | Spotless & Pristine
14530809,405,Prime Location | Cozy & Homey | Fully Equipped | Spotless & Pristine | Highly Walkable
14807695,34,Exceptional Host | Cozy & Homey | Responsive & Clear | Spotless & Pristine | Prime Location
15398931,25,Cozy & Homey | Historic Charm | Exceptional Host | Outdoor Oasis | Fully Equipped
15400239,5,Cozy & Homey | Historic Charm | Fully Equipped | Spotless & Pristine | Prime Location
15400428,23,Historic Charm | Cozy & Homey | Exceptional Host | Spotless & Pristine | Above & Beyond
15400534,258,Historic Charm | Cozy & Homey | Exceptional Host | Outdoor Oasis | Spacious & Bright
15938812,16,Exceptional Host | Fully Equipped | Above & Beyond | Cozy & Homey | Spotless & Pristine
16139284,3,Cozy & Homey | Highly Walkable | Spacious & Bright | Safe & Quiet
16148886,366,Prime Location | Cozy & Homey | Fully Equipped | Spotless & Pristine | Highly Walkable
16224857,371,Cozy & Homey | Spacious & Bright | Prime Location | Historic Charm | Exceptional Host
16232581,243,Cozy & Homey | Exceptional Host | Responsive & Clear | Prime Location | Spotless & Pristine
17000524,323,Cozy & Homey | Above & Beyond | Prime Location | Fully Equipped | Modern & Updated
17255511,331,Cozy & Homey | Exceptional Host | Highly Walkable | Prime Location | Fully Equipped
17496192,604,Cozy & Homey | Prime Location | Fully Equipped | Exceptional Host | Spotless & Pristine
17976543,117,Prime Location | Fully Equipped | Spacious & Bright | Exceptional Host | Responsive & Clear
18474693,296,Cozy & Homey | Exceptional Host | Prime Location | Fully Equipped | Highly Walkable
18747680,16,Exceptional Host | Cozy & Homey | Responsive & Clear | Historic Charm | Outdoor Oasis
19545359,39,Cozy & Homey | Exceptional Host | Spacious & Bright | Prime Location | Historic Charm
19550914,43,Historic Charm | Outdoor Oasis | Exceptional Host | Cozy & Homey | Responsive & Clear
19709913,43,Cozy & Homey | Exceptional Host | Prime Location | Highly Walkable | Fully Equipped
19729241,122,Cozy & Homey | Exceptional Host | Highly Walkable | Fully Equipped | Spotless & Pristine
20138634,161,Prime Location | Above & Beyond | Cozy & Homey | Highly Walkable | Spotless & Pristine
20212761,3,Cozy & Homey | Responsive & Clear | Highly Walkable | Prime Location
20761088,101,Fully Equipped | Prime Location | Cozy & Homey | Spacious & Bright | Exceptional Host
20965960,143,Cozy & Homey | Prime Location | Fully Equipped | Exceptional Host | Highly Walkable
21376207,161,Cozy & Homey | Highly Walkable | Exceptional Host | Spacious & Bright | Prime Location
21556659,85,Exceptional Host | Cozy & Homey | Prime Location | Highly Walkable | Value for Money
21799480,310,Prime Location | Cozy & Homey | Highly Walkable | Historic Charm | Fully Equipped
22334766,113,Exceptional Host | Cozy & Homey | Highly Walkable | Spotless & Pristine | Fully Equipped
23092653,4,Prime Location | Fully Equipped | Cozy & Homey | Spotless & Pristine
23092885,2,Modern & Updated | Responsive & Clear | Highly Walkable | Safe & Quiet | Spacious & Bright
23398807,6,Prime Location | Modern & Updated | Above & Beyond | Exceptional Host | Fully Equipped
23526708,15,Exceptional Host | Fully Equipped | Highly Walkable | Responsive & Clear | Cozy & Homey
23576655,121,Cozy & Homey | Prime Location | Exceptional Host | Fully Equipped | Responsive & Clear
24156862,28,Prime Location | Highly Walkable | Cozy & Homey | Responsive & Clear | Fully Equipped
24185610,62,Cozy & Homey | Modern & Updated | Fully Equipped | Exceptional Host | Spotless & Pristine
24454463,90,Cozy & Homey | Exceptional Host | Fully Equipped | Prime Location | Historic Charm
24519787,465,Cozy & Homey | Prime Location | Spotless & Pristine | Exceptional Host | Responsive & Clear
24780348,260,Cozy & Homey | Prime Location | Spacious & Bright | Spotless & Pristine | Artistic & Curated
25135201,4,Cozy & Homey | Responsive & Clear | Spotless & Pristine | Above & Beyond
25808418,205,Cozy & Homey | Exceptional Host | Prime Location | Spotless & Pristine | Fully Equipped
26084729,273,Cozy & Homey | Exceptional Host | Prime Location | Fully Equipped | Highly Walkable
26319307,206,Cozy & Homey | Historic Charm | Prime Location | Fully Equipped | Responsive & Clear
26413565,22,Prime Location | Fully Equipped | Cozy & Homey | Modern & Updated | Exceptional Host
26660129,3,Exceptional Host | Cozy & Homey
26685704,21,Prime Location | Fully Equipped | Spotless & Pristine | Cozy & Homey | Highly Walkable
26812545,19,Spacious & Bright | Fully Equipped | Responsive & Clear | Modern & Updated | Prime Location
27388869,9,Exceptional Host | Spacious & Bright | Highly Walkable | Safe & Quiet | Fully Equipped
27567630,182,Cozy & Homey | Prime Location | Highly Walkable | Historic Charm | Fully Equipped
27581061,169,Cozy & Homey | Exceptional Host | Outdoor Oasis | Responsive & Clear | Prime Location
27755983,78,Cozy & Homey | Exceptional Host | Above & Beyond | Highly Walkable | Fully Equipped
27756174,3,Responsive & Clear | Spotless & Pristine | Prime Location
27929828,118,Cozy & Homey | Spacious & Bright | Fully Equipped | Exceptional Host | Prime Location
28076757,20,Exceptional Host | Cozy & Homey | Above & Beyond | Historic Charm | Spacious & Bright
28179904,681,Cozy & Homey | Fully Equipped | Highly Walkable | Spotless & Pristine | Prime Location
28538990,50,Cozy & Homey | Outdoor Oasis | Fully Equipped | Prime Location | Exceptional Host
28541505,96,Prime Location | Cozy & Homey | Historic Charm | Spacious & Bright | Fully Equipped
28565907,84,Cozy & Homey | Prime Location | Exceptional Host | Responsive & Clear | Fully Equipped
28578397,439,Cozy & Homey | Prime Location | Fully Equipped | Exceptional Host | Highly Walkable
29075772,76,Cozy & Homey | Prime Location | Fully Equipped | Highly Walkable | Exceptional Host
29708205,253,Prime Location | Cozy & Homey | Exceptional Host | Fully Equipped | Responsive & Clear
30129023,452,Cozy & Homey | Highly Walkable | Prime Location | Fully Equipped | Spotless & Pristine
30553474,203,Cozy & Homey | Prime Location | Highly Walkable | Fully Equipped | Responsive & Clear
30858316,124,Cozy & Homey | Prime Location | Fully Equipped | Spotless & Pristine | Responsive & Clear
31022092,48,Cozy & Homey | Highly Walkable | Responsive & Clear | Prime Location | Fully Equipped
32359305,141,Prime Location | Cozy & Homey | Exceptional Host | Fully Equipped | Spacious & Bright
32595692,155,Cozy & Homey | Exceptional Host | Spotless & Pristine | Outdoor Oasis | Responsive & Clear
32696197,21,Fully Equipped | Historic Charm | Cozy & Homey | Highly Walkable | Spacious & Bright
32865110,124,Prime Location | Exceptional Host | Responsive & Clear | Cozy & Homey | Spotless & Pristine
33734664,128,Cozy & Homey | Fully Equipped | Prime Location | Exceptional Host | Responsive & Clear
34309444,3,Cozy & Homey | Exceptional Host | Historic Charm | Above & Beyond
34332860,70,Cozy & Homey | Artistic & Curated | Prime Location | Spotless & Pristine | Spacious & Bright
34446916,63,Exceptional Host | Cozy & Homey | Prime Location | Spotless & Pristine | Fully Equipped
34502134,2,General Stay
34538157,8,Exceptional Host | Responsive & Clear | Fully Equipped | Cozy & Homey | Spacious & Bright
34783374,188,Cozy & Homey | Highly Walkable | Prime Location | Spotless & Pristine | Fully Equipped
34909653,104,Cozy & Homey | Prime Location | Exceptional Host | Spacious & Bright | Fully Equipped
34979495,440,Cozy & Homey | Spacious & Bright | Spotless & Pristine | Responsive & Clear | Prime Location
35202237,1,Safe & Quiet | Transit Friendly | Above & Beyond
35381749,26,Prime Location | Exceptional Host | Value for Money | Climate Comfort | Pet Friendly
35413790,32,Prime Location | Exceptional Host | Cozy & Homey | Spotless & Pristine | Responsive & Clear
35463395,11,Cozy & Homey | Responsive & Clear | Spacious & Bright | Fully Equipped | Prime Location
35543616,9,Spacious & Bright | Prime Location | Highly Walkable | Fully Equipped | Cozy & Homey
35843542,36,Cozy & Homey | Exceptional Host | Prime Location | Responsive & Clear | Fully Equipped
36392564,100,Cozy & Homey | Spacious & Bright | Prime Location | Fully Equipped | Spotless & Pristine
36446406,136,Cozy & Homey | Responsive & Clear | Exceptional Host | Spotless & Pristine | Prime Location
36446537,26,Value for Money | Responsive & Clear | Highly Walkable | Historic Charm | Exceptional Host
36689889,12,Prime Location | Value for Money | Exceptional Host | Cozy & Homey
36723553,128,Cozy & Homey | Exceptional Host | Fully Equipped | Prime Location | Responsive & Clear
36799009,72,Cozy & Homey | Prime Location | Spacious & Bright | Exceptional Host | Responsive & Clear
37278360,36,Cozy & Homey | Prime Location | Exceptional Host | Responsive & Clear | Fully Equipped
37336702,390,Cozy & Homey | Prime Location | Fully Equipped | Spacious & Bright | Exceptional Host
37807346,72,Cozy & Homey | Highly Walkable | Fully Equipped | Prime Location | Spotless & Pristine
38389142,46,Prime Location | Cozy & Homey | Responsive & Clear | Spotless & Pristine | Exceptional Host
38571763,11,Cozy & Homey | Responsive & Clear | Prime Location | Spotless & Pristine | Highly Walkable
38823886,12,Exceptional Host | Cozy & Homey | Fully Equipped | Responsive & Clear | Highly Walkable
39020081,631,Cozy & Homey | Exceptional Host | Responsive & Clear | Prime Location | Fully Equipped
39127033,18,Prime Location | Outdoor Oasis | Fully Equipped | Cozy & Homey | Transit Friendly
39202542,200,Spacious & Bright | Cozy & Homey | Highly Walkable | Prime Location | Responsive & Clear
39606319,254,Cozy & Homey | Fully Equipped | Prime Location | Spotless & Pristine | Responsive & Clear
40233343,3,Prime Location | Outdoor Oasis | Modern & Updated
40291213,212,Cozy & Homey | Prime Location | Spotless & Pristine | Highly Walkable | Responsive & Clear
40620172,128,Cozy & Homey | Prime Location | Responsive & Clear | Exceptional Host | Fully Equipped
40637180,9,Fully Equipped | Cozy & Homey | Prime Location | Modern & Updated | Exceptional Host
40936061,32,Exceptional Host | Value for Money | Cozy & Homey | Climate Comfort | Fully Equipped
41264623,233,Prime Location | Cozy & Homey | Spacious & Bright | Responsive & Clear | Spotless & Pristine
41422819,46,Cozy & Homey | Exceptional Host | Prime Location | Highly Walkable | Spotless & Pristine
41564701,31,Spacious & Bright | Cozy & Homey | Exceptional Host | Responsive & Clear | Fully Equipped
42097167,32,Cozy & Homey | Prime Location | Exceptional Host | Fully Equipped | Highly Walkable
42157314,78,Cozy & Homey | Spotless & Pristine | Modern & Updated | Outdoor Oasis | Fully Equipped
42451917,3,Exceptional Host
42775398,2,Exceptional Host | Responsive & Clear
42999407,440,Cozy & Homey | Prime Location | Fully Equipped | Spotless & Pristine | Responsive & Clear
43051665,50,Cozy & Homey | Prime Location | Responsive & Clear | Highly Walkable | Exceptional Host
43087169,1,Exceptional Host
43115699,28,Prime Location | Fully Equipped | Cozy & Homey | Spacious & Bright | Exceptional Host
43158104,19,Responsive & Clear | Spotless & Pristine | Prime Location | Exceptional Host | Cozy & Homey
43306646,128,Cozy & Homey | Fully Equipped | Prime Location | Exceptional Host | Responsive & Clear
43575684,2,General Stay
43741632,42,Cozy & Homey | Prime Location | Exceptional Host | Responsive & Clear | Highly Walkable
43792332,29,Prime Location | Climate Comfort | Responsive & Clear | Fully Equipped | Cozy & Homey
43909004,3,Prime Location | Cozy & Homey | Responsive & Clear | Fully Equipped
43947327,10,Cozy & Homey | Exceptional Host | Fully Equipped | Spotless & Pristine | Prime Location
43969809,102,Cozy & Homey | Spotless & Pristine | Exceptional Host | Highly Walkable | Outdoor Oasis
44019190,42,Prime Location | Cozy & Homey | Fully Equipped | Historic Charm | Exceptional Host
44100363,12,Cozy & Homey | Prime Location | Exceptional Host | Highly Walkable
44316040,25,Cozy & Homey | Exceptional Host | Spacious & Bright | Fully Equipped | Responsive & Clear
44361368,292,Cozy & Homey | Prime Location | Spotless & Pristine | Exceptional Host | Fully Equipped
44361402,176,Cozy & Homey | Exceptional Host | Fully Equipped | Responsive & Clear | Prime Location
44376973,172,Cozy & Homey | Exceptional Host | Fully Equipped | Responsive & Clear | Prime Location
44579633,147,Historic Charm | Cozy & Homey | Highly Walkable | Prime Location | Exceptional Host
44684096,3,Highly Walkable | Prime Location | Historic Charm | Cozy & Homey | Exceptional Host
45052852,1,General Stay
45206266,15,Cozy & Homey | Exceptional Host | Historic Charm | Outdoor Oasis | Climate Comfort
45207718,8,Cozy & Homey | Prime Location | Exceptional Host | Responsive & Clear | Outdoor Oasis
45207849,52,Historic Charm | Cozy & Homey | Exceptional Host | Outdoor Oasis | Responsive & Clear
45216545,1,Prime Location
45420901,29,Cozy & Homey | Spacious & Bright | Fully Equipped | Responsive & Clear | Modern & Updated
45655886,237,Cozy & Homey | Prime Location | Fully Equipped | Exceptional Host | Modern & Updated
46104839,87,Prime Location | Fully Equipped | Exceptional Host | Safe & Quiet | Cozy & Homey
46273970,76,Cozy & Homey | Exceptional Host | Spotless & Pristine | Responsive & Clear | Prime Location
46314407,103,Highly Walkable | Cozy & Homey | Fully Equipped | Exceptional Host | Spacious & Bright
46371956,271,Cozy & Homey | Prime Location | Spotless & Pristine | Fully Equipped | Modern & Updated
46374421,464,Prime Location | Cozy & Homey | Spotless & Pristine | Fully Equipped | Modern & Updated
46490109,181,Cozy & Homey | Responsive & Clear | Spacious & Bright | Prime Location | Fully Equipped
46490712,137,Cozy & Homey | Prime Location | Spacious & Bright | Responsive & Clear | Highly Walkable
46637145,321,Prime Location | Cozy & Homey | Spotless & Pristine | Fully Equipped | Modern & Updated
46712066,187,Cozy & Homey | Fully Equipped | Spotless & Pristine | Exceptional Host | Responsive & Clear
46771787,148,Cozy & Homey | Prime Location | Responsive & Clear | Exceptional Host | Fully Equipped
47350542,250,Cozy & Homey | Prime Location | Spotless & Pristine | Fully Equipped | Responsive & Clear
47426620,153,Prime Location | Cozy & Homey | Responsive & Clear | Highly Walkable | Exceptional Host
47432363,170,Cozy & Homey | Spacious & Bright | Prime Location | Spotless & Pristine | Responsive & Clear
47746603,62,Outdoor Oasis | Cozy & Homey | Highly Walkable | Exceptional Host | Pet Friendly
47792889,1,Exceptional Host
47833785,106,Prime Location | Cozy & Homey | Responsive & Clear | Fully Equipped | Exceptional Host
47846381,250,Cozy & Homey | Fully Equipped | Prime Location | Spotless & Pristine | Exceptional Host
47857021,253,Cozy & Homey | Prime Location | Fully Equipped | Spotless & Pristine | Responsive & Clear
47952428,1,Fully Equipped
48009888,290,Cozy & Homey | Exceptional Host | Prime Location | Responsive & Clear | Highly Walkable
48064704,1,Modern & Updated | Exceptional Host | Responsive & Clear
48229920,121,Cozy & Homey | Prime Location | Spotless & Pristine | Fully Equipped | Modern & Updated
48401591,127,Prime Location | Spacious & Bright | Cozy & Homey | Fully Equipped | Spotless & Pristine
48469712,252,Cozy & Homey | Fully Equipped | Prime Location | Spotless & Pristine | Highly Walkable
49092365,174,Cozy & Homey | Spotless & Pristine | Responsive & Clear | Exceptional Host | Prime Location
49342072,35,Exceptional Host | Cozy & Homey | Prime Location | Spotless & Pristine | Fully Equipped
49631544,51,Exceptional Host | Cozy & Homey | Fully Equipped | Highly Walkable | Historic Charm
49735166,2,Prime Location | Fully Equipped
50054456,110,Responsive & Clear | Cozy & Homey | Exceptional Host | Spacious & Bright | Spotless & Pristine
50194879,284,Cozy & Homey | Fully Equipped | Prime Location | Highly Walkable | Responsive & Clear
50361582,178,Cozy & Homey | Prime Location | Fully Equipped | Spacious & Bright | Responsive & Clear
50409973,78,Cozy & Homey | Spotless & Pristine | Responsive & Clear | Exceptional Host | Prime Location
50497152,94,Cozy & Homey | Prime Location | Spotless & Pristine | Exceptional Host | Responsive & Clear
50504321,66,Prime Location | Cozy & Homey | Spacious & Bright | Fully Equipped | Highly Walkable
50562579,31,Prime Location | Spotless & Pristine | Fully Equipped | Spacious & Bright | Modern & Updated
50595917,213,Cozy & Homey | Exceptional Host | Fully Equipped | Responsive & Clear | Historic Charm
50873368,56,Cozy & Homey | Spacious & Bright | Responsive & Clear | Prime Location | Highly Walkable
51411999,110,Cozy & Homey | Prime Location | Responsive & Clear | Exceptional Host | Spotless & Pristine
51502999,207,Cozy & Homey | Spotless & Pristine | Responsive & Clear | Prime Location | Exceptional Host
51584379,56,Cozy & Homey | Spotless & Pristine | Responsive & Clear | Exceptional Host | Prime Location
51593238,127,Cozy & Homey | Highly Walkable | Prime Location | Fully Equipped | Responsive & Clear
51655958,164,Cozy & Homey | Spotless & Pristine | Exceptional Host | Prime Location | Responsive & Clear
51762105,230,Cozy & Homey | Prime Location | Fully Equipped | Spotless & Pristine | Responsive & Clear
51787040,75,Responsive & Clear | Prime Location | Exceptional Host | Cozy & Homey | Highly Walkable
51804660,8,Highly Walkable | Prime Location | Responsive & Clear | Fully Equipped | Above & Beyond
51819107,52,Cozy & Homey | Artistic & Curated | Fully Equipped | Prime Location | Responsive & Clear
51824978,57,Cozy & Homey | Exceptional Host | Prime Location | Fully Equipped | Responsive & Clear
51920623,11,Exceptional Host | Fully Equipped | Prime Location | Historic Charm | Cozy & Homey
51959058,167,Cozy & Homey | Prime Location | Responsive & Clear | Exceptional Host | Fully Equipped
52004408,14,Value for Money | Prime Location | Cozy & Homey | Responsive & Clear
52048336,150,Cozy & Homey | Spotless & Pristine | Prime Location | Fully Equipped | Responsive & Clear
52088183,73,Highly Walkable | Prime Location | Cozy & Homey | Fully Equipped | Spotless & Pristine
52173725,41,Cozy & Homey | Exceptional Host | Responsive & Clear | Highly Walkable | Fully Equipped
52278189,198,Cozy & Homey | Spotless & Pristine | Exceptional Host | Responsive & Clear | Prime Location
52531373,158,Cozy & Homey | Highly Walkable | Responsive & Clear | Fully Equipped | Prime Location
52766531,249,Cozy & Homey | Responsive & Clear | Fully Equipped | Prime Location | Highly Walkable
52837864,57,Cozy & Homey | Exceptional Host | Responsive & Clear | Spotless & Pristine | Prime Location
52904644,115,Cozy & Homey | Exceptional Host | Fully Equipped | Responsive & Clear | Above & Beyond
52986682,140,Cozy & Homey | Prime Location | Fully Equipped | Exceptional Host | Responsive & Clear
53115234,78,Cozy & Homey | Prime Location | Fully Equipped | Responsive & Clear | Exceptional Host
53150554,46,Cozy & Homey | Prime Location | Outdoor Oasis | Exceptional Host | Highly Walkable
53150899,80,Cozy & Homey | Fully Equipped | Responsive & Clear | Prime Location | Highly Walkable
53172066,26,Cozy & Homey | Fully Equipped | Prime Location | Responsive & Clear | Exceptional Host
53173859,37,Exceptional Host | Cozy & Homey | Fully Equipped | Responsive & Clear | Prime Location
53181906,35,Responsive & Clear | Exceptional Host | Prime Location | Cozy & Homey | Fully Equipped
53232503,20,Prime Location | Fully Equipped | Cozy & Homey | Spacious & Bright | Highly Walkable
53772864,183,Cozy & Homey | Responsive & Clear | Outdoor Oasis | Exceptional Host | Prime Location
53974050,8,Cozy & Homey | Spacious & Bright | Prime Location | Historic Charm | Spotless & Pristine
54212946,100,Cozy & Homey | Spotless & Pristine | Responsive & Clear | Exceptional Host | Fully Equipped
54279622,17,Cozy & Homey | Responsive & Clear | Exceptional Host | Value for Money | Highly Walkable
54325019,17,Exceptional Host | Prime Location | Spacious & Bright | Spotless & Pristine | Fully Equipped
54343966,57,Cozy & Homey | Responsive & Clear | Prime Location | Exceptional Host | Fully Equipped
5.17986E+17,85,Cozy & Homey | Highly Walkable | Prime Location | Exceptional Host | Fully Equipped
5.39097E+17,14,Exceptional Host | Outdoor Oasis | Fully Equipped | Cozy & Homey | Historic Charm
5.483E+17,29,Outdoor Oasis | Responsive & Clear | Fully Equipped | Cozy & Homey | Exceptional Host
5.50176E+17,116,Cozy & Homey | Prime Location | Highly Walkable | Responsive & Clear | Fully Equipped
5.55808E+17,295,Cozy & Homey | Exceptional Host | Responsive & Clear | Fully Equipped | Spotless & Pristine
5.56577E+17,45,Highly Walkable | Cozy & Homey | Responsive & Clear | Prime Location | Safe & Quiet
5.56942E+17,15,Historic Charm | Responsive & Clear | Spacious & Bright | Spotless & Pristine | Modern & Updated
5.57355E+17,17,Spotless & Pristine | Prime Location | Responsive & Clear | Exceptional Host | Fully Equipped
5.6606E+17,40,Cozy & Homey | Fully Equipped | Spacious & Bright | Historic Charm | Spotless & Pristine
5.7122E+17,131,Cozy & Homey | Responsive & Clear | Fully Equipped | Prime Location | Spotless & Pristine
5.71228E+17,103,Cozy & Homey | Responsive & Clear | Fully Equipped | Spotless & Pristine | Exceptional Host
5.73658E+17,39,Exceptional Host | Cozy & Homey | Responsive & Clear | Prime Location | Safe & Quiet
5.75995E+17,1,General Stay
5.77456E+17,68,Cozy & Homey | Responsive & Clear | Fully Equipped | Highly Walkable | Spotless & Pristine
5.86762E+17,112,Cozy & Homey | Responsive & Clear | Prime Location | Spotless & Pristine | Fully Equipped
5.87521E+17,221,Cozy & Homey | Highly Walkable | Fully Equipped | Prime Location | Responsive & Clear
5.87846E+17,61,Prime Location | Responsive & Clear | Cozy & Homey | Highly Walkable | Spotless & Pristine
5.9082E+17,31,Cozy & Homey | Exceptional Host | Responsive & Clear | Prime Location | Spotless & Pristine
6.02098E+17,56,Cozy & Homey | Exceptional Host | Fully Equipped | Highly Walkable | Prime Location
6.03801E+17,90,Cozy & Homey | Prime Location | Responsive & Clear | Highly Walkable | Exceptional Host
6.04427E+17,159,Cozy & Homey | Responsive & Clear | Prime Location | Exceptional Host | Spotless & Pristine
6.05576E+17,73,Cozy & Homey | Prime Location | Historic Charm | Spacious & Bright | Exceptional Host
6.08186E+17,52,Cozy & Homey | Prime Location | Fully Equipped | Highly Walkable | Spotless & Pristine
6.08652E+17,22,Cozy & Homey | Exceptional Host | Responsive & Clear | Fully Equipped | Prime Location
6.10848E+17,70,Cozy & Homey | Highly Walkable | Fully Equipped | Historic Charm | Responsive & Clear
6.13791E+17,17,Prime Location | Historic Charm | Spotless & Pristine | Cozy & Homey | Spacious & Bright
6.14218E+17,18,Responsive & Clear | Exceptional Host
6.14697E+17,17,Spacious & Bright | Highly Walkable | Cozy & Homey | Responsive & Clear
6.1498E+17,70,Prime Location | Spacious & Bright | Highly Walkable | Cozy & Homey | Responsive & Clear
6.18847E+17,11,Exceptional Host | Value for Money | Prime Location | Safe & Quiet | Spacious & Bright
6.20435E+17,17,Cozy & Homey | Spotless & Pristine | Fully Equipped | Responsive & Clear | Prime Location
6.20435E+17,70,Cozy & Homey | Prime Location | Responsive & Clear | Spacious & Bright | Fully Equipped
6.22537E+17,45,Spacious & Bright | Fully Equipped | Responsive & Clear | Prime Location | Exceptional Host
6.23167E+17,207,Cozy & Homey | Highly Walkable | Prime Location | Fully Equipped | Spotless & Pristine
6.25549E+17,86,Cozy & Homey | Prime Location | Responsive & Clear | Spotless & Pristine | Spacious & Bright
6.25571E+17,105,Spacious & Bright | Prime Location | Spotless & Pristine | Cozy & Homey | Responsive & Clear
6.33415E+17,12,Exceptional Host | Cozy & Homey | Highly Walkable | Prime Location | Safe & Quiet
6.36149E+17,171,Cozy & Homey | Exceptional Host | Fully Equipped | Responsive & Clear | Highly Walkable
6.36233E+17,97,Highly Walkable | Prime Location | Cozy & Homey | Responsive & Clear | Fully Equipped
6.3911E+17,69,Cozy & Homey | Fully Equipped | Prime Location | Responsive & Clear | Spotless & Pristine
6.41176E+17,98,Cozy & Homey | Exceptional Host | Responsive & Clear | Prime Location | Spotless & Pristine
6.45535E+17,6,Responsive & Clear | Prime Location | Cozy & Homey | Highly Walkable | Historic Charm
6.48086E+17,14,Prime Location | Responsive & Clear | Cozy & Homey | Spotless & Pristine | Exceptional Host
6.48603E+17,7,Exceptional Host | Responsive & Clear | Cozy & Homey | Prime Location
6.50896E+17,38,Prime Location | Cozy & Homey | Responsive & Clear | Fully Equipped | Highly Walkable
6.52236E+17,2,General Stay
6.52242E+17,3,Responsive & Clear | Highly Walkable | Prime Location | Cozy & Homey | Exceptional Host
6.58516E+17,10,Exceptional Host | Cozy & Homey | Prime Location | Spotless & Pristine | Value for Money
6.60855E+17,1,Highly Walkable
6.64373E+17,15,Cozy & Homey | Exceptional Host | Fully Equipped | Responsive & Clear | Spotless & Pristine
6.65708E+17,51,Cozy & Homey | Spacious & Bright | Prime Location | Outdoor Oasis | Highly Walkable
6.72395E+17,126,Cozy & Homey | Prime Location | Fully Equipped | Responsive & Clear | Highly Walkable
6.72409E+17,136,Cozy & Homey | Highly Walkable | Prime Location | Fully Equipped | Responsive & Clear
6.72424E+17,109,Responsive & Clear | Cozy & Homey | Prime Location | Highly Walkable | Fully Equipped
6.74615E+17,4,Responsive & Clear
6.75554E+17,45,Responsive & Clear | Cozy & Homey | Spotless & Pristine | Historic Charm | Fully Equipped
6.76178E+17,56,Cozy & Homey | Responsive & Clear | Prime Location | Fully Equipped | Highly Walkable
6.78084E+17,114,Cozy & Homey | Highly Walkable | Prime Location | Fully Equipped | Responsive & Clear
6.80413E+17,15,Spacious & Bright | Cozy & Homey | Exceptional Host | Responsive & Clear | Spotless & Pristine
6.81832E+17,193,Cozy & Homey | Prime Location | Responsive & Clear | Fully Equipped | Exceptional Host
6.83371E+17,73,Cozy & Homey | Prime Location | Exceptional Host | Fully Equipped | Responsive & Clear
6.9189E+17,79,Cozy & Homey | Responsive & Clear | Prime Location | Exceptional Host | Fully Equipped
6.92222E+17,6,Cozy & Homey | Exceptional Host | Responsive & Clear | Historic Charm | Spacious & Bright
6.92764E+17,114,Cozy & Homey | Fully Equipped | Prime Location | Highly Walkable | Spotless & Pristine
6.93482E+17,3,Outdoor Oasis | Prime Location
6.93985E+17,123,Cozy & Homey | Prime Location | Exceptional Host | Responsive & Clear | Spotless & Pristine
6.97999E+17,1,Cozy & Homey | Spacious & Bright | Exceptional Host | Responsive & Clear
6.98835E+17,80,Cozy & Homey | Spotless & Pristine | Prime Location | Exceptional Host | Fully Equipped
6.99769E+17,20,Outdoor Oasis | Fully Equipped | Cozy & Homey | Spotless & Pristine | Prime Location
7.00134E+17,3,General Stay
7.01683E+17,13,Cozy & Homey | Spacious & Bright | Prime Location | Responsive & Clear | Spotless & Pristine
7.04254E+17,44,Prime Location | Fully Equipped | Cozy & Homey | Spotless & Pristine | Responsive & Clear
7.04578E+17,134,Fully Equipped | Cozy & Homey | Prime Location | Responsive & Clear | Exceptional Host
7.05219E+17,96,Cozy & Homey | Prime Location | Responsive & Clear | Spacious & Bright | Highly Walkable
7.05231E+17,181,Cozy & Homey | Spotless & Pristine | Responsive & Clear | Prime Location | Spacious & Bright
7.08168E+17,3,Cozy & Homey
7.10816E+17,15,Cozy & Homey | Responsive & Clear | Modern & Updated | Spotless & Pristine | Prime Location
7.13844E+17,25,Exceptional Host | Fully Equipped | Prime Location | Highly Walkable | Safe & Quiet
7.16838E+17,42,Exceptional Host | Cozy & Homey | Fully Equipped | Value for Money | Responsive & Clear
7.18083E+17,25,Cozy & Homey | Exceptional Host | Fully Equipped | Responsive & Clear | Prime Location
7.18635E+17,99,Cozy & Homey | Fully Equipped | Exceptional Host | Spotless & Pristine | Responsive & Clear
7.18793E+17,122,Cozy & Homey | Responsive & Clear | Prime Location | Exceptional Host | Fully Equipped
7.22561E+17,4,Spotless & Pristine | Exceptional Host
7.22575E+17,81,Responsive & Clear | Cozy & Homey | Fully Equipped | Exceptional Host | Highly Walkable
7.28506E+17,48,Cozy & Homey | Exceptional Host | Responsive & Clear | Spotless & Pristine | Fully Equipped
7.28665E+17,149,Responsive & Clear | Cozy & Homey | Spotless & Pristine | Prime Location | Spacious & Bright
7.3317E+17,25,Prime Location | Cozy & Homey | Spotless & Pristine | Exceptional Host | Fully Equipped
7.36673E+17,108,Cozy & Homey | Responsive & Clear | Spacious & Bright | Highly Walkable | Prime Location
7.39041E+17,46,Spotless & Pristine | Cozy & Homey | Responsive & Clear | Prime Location | Fully Equipped
7.43259E+17,56,Cozy & Homey | Spotless & Pristine | Fully Equipped | Responsive & Clear | Exceptional Host
7.43267E+17,56,Cozy & Homey | Spotless & Pristine | Fully Equipped | Responsive & Clear | Highly Walkable
7.44355E+17,32,Cozy & Homey | Responsive & Clear | Fully Equipped | Exceptional Host | Prime Location
7.45385E+17,232,Cozy & Homey | Spacious & Bright | Prime Location | Fully Equipped | Responsive & Clear
7.45761E+17,2,Cozy & Homey | Responsive & Clear | Highly Walkable | Historic Charm
7.47726E+17,144,Cozy & Homey | Spotless & Pristine | Responsive & Clear | Highly Walkable | Fully Equipped
7.50853E+17,17,Responsive & Clear | Cozy & Homey | Exceptional Host | Spotless & Pristine | Prime Location
7.51978E+17,87,Cozy & Homey | Exceptional Host | Prime Location | Fully Equipped | Responsive & Clear
7.52208E+17,333,Exceptional Host | Responsive & Clear | Cozy & Homey | Fully Equipped | Spotless & Pristine
7.55018E+17,124,Cozy & Homey | Highly Walkable | Fully Equipped | Responsive & Clear | Prime Location
7.56449E+17,1,Exceptional Host | Responsive & Clear | Fully Equipped | Pet Friendly
7.5718E+17,6,Exceptional Host | Cozy & Homey | Modern & Updated | Pet Friendly | Outdoor Oasis
7.57873E+17,90,Responsive & Clear | Exceptional Host | Fully Equipped | Cozy & Homey | Prime Location
7.65389E+17,70,Cozy & Homey | Responsive & Clear | Prime Location | Exceptional Host | Highly Walkable
7.67529E+17,21,Cozy & Homey | Responsive & Clear | Spacious & Bright | Historic Charm | Modern & Updated
7.69653E+17,69,Cozy & Homey | Responsive & Clear | Prime Location | Exceptional Host | Highly Walkable
7.70361E+17,121,Cozy & Homey | Responsive & Clear | Fully Equipped | Prime Location | Exceptional Host
7.73441E+17,12,Responsive & Clear | Prime Location | Cozy & Homey | Exceptional Host | Modern & Updated
7.76789E+17,2,General Stay
7.77209E+17,109,Cozy & Homey | Prime Location | Spotless & Pristine | Highly Walkable | Fully Equipped
7.78903E+17,148,Responsive & Clear | Fully Equipped | Cozy & Homey | Prime Location | Spotless & Pristine
7.7998E+17,5,Spacious & Bright | Fully Equipped
7.83432E+17,20,Exceptional Host | Cozy & Homey | Highly Walkable | Prime Location | Fully Equipped
7.85756E+17,100,Cozy & Homey | Exceptional Host | Responsive & Clear | Outdoor Oasis | Highly Walkable
7.87931E+17,16,Exceptional Host | Cozy & Homey | Highly Walkable | Spotless & Pristine | Prime Location
7.91207E+17,35,Cozy & Homey | Prime Location | Responsive & Clear | Highly Walkable | Exceptional Host
7.97291E+17,66,Responsive & Clear | Cozy & Homey | Fully Equipped | Outdoor Oasis | Prime Location
7.98618E+17,55,Cozy & Homey | Responsive & Clear | Exceptional Host | Prime Location | Spotless & Pristine
7.99515E+17,45,Prime Location | Cozy & Homey | Responsive & Clear | Spotless & Pristine | Highly Walkable
7.99547E+17,78,Exceptional Host | Responsive & Clear | Cozy & Homey | Spotless & Pristine | Fully Equipped
7.99547E+17,137,Responsive & Clear | Cozy & Homey | Exceptional Host | Highly Walkable | Prime Location
8.02222E+17,37,Responsive & Clear | Spacious & Bright | Cozy & Homey | Outdoor Oasis | Prime Location
8.06419E+17,90,Cozy & Homey | Highly Walkable | Fully Equipped | Responsive & Clear | Prime Location
8.09679E+17,111,Cozy & Homey | Responsive & Clear | Exceptional Host | Fully Equipped | Spotless & Pristine
8.11485E+17,13,Fully Equipped | Cozy & Homey | Spotless & Pristine | Exceptional Host | Spacious & Bright
8.11548E+17,78,Cozy & Homey | Fully Equipped | Exceptional Host | Responsive & Clear | Spotless & Pristine
8.23811E+17,4,Responsive & Clear | Highly Walkable | Exceptional Host | Cozy & Homey | Prime Location
8.24696E+17,38,Cozy & Homey | Prime Location | Spotless & Pristine | Responsive & Clear | Safe & Quiet
8.27198E+17,2,General Stay
8.27791E+17,98,Cozy & Homey | Responsive & Clear | Prime Location | Spotless & Pristine | Exceptional Host
8.27801E+17,80,Spotless & Pristine | Cozy & Homey | Responsive & Clear | Fully Equipped | Modern & Updated
8.27805E+17,1,General Stay
8.27806E+17,18,Cozy & Homey | Fully Equipped | Responsive & Clear | Prime Location | Spotless & Pristine
8.28233E+17,122,Cozy & Homey | Spacious & Bright | Exceptional Host | Spotless & Pristine | Responsive & Clear
8.283E+17,89,Cozy & Homey | Fully Equipped | Spotless & Pristine | Responsive & Clear | Prime Location
8.29129E+17,96,Responsive & Clear | Spotless & Pristine | Exceptional Host | Cozy & Homey | Prime Location
8.29202E+17,98,Cozy & Homey | Responsive & Clear | Prime Location | Fully Equipped | Highly Walkable
8.29231E+17,75,Prime Location | Cozy & Homey | Fully Equipped | Responsive & Clear | Exceptional Host
8.31298E+17,82,Responsive & Clear | Prime Location | Cozy & Homey | Exceptional Host | Spotless & Pristine
8.34224E+17,8,Responsive & Clear | Exceptional Host | Highly Walkable | Prime Location | Cozy & Homey
8.36128E+17,28,Cozy & Homey | Spotless & Pristine | Fully Equipped | Exceptional Host | Responsive & Clear
8.36342E+17,70,Cozy & Homey | Prime Location | Spotless & Pristine | Responsive & Clear | Exceptional Host
8.39708E+17,29,Cozy & Homey | Prime Location | Responsive & Clear | Exceptional Host | Fully Equipped
8.42596E+17,5,Prime Location | Historic Charm | Exceptional Host | Outdoor Oasis | Responsive & Clear
8.42626E+17,123,Cozy & Homey | Highly Walkable | Prime Location | Spacious & Bright | Responsive & Clear
8.43474E+17,8,Exceptional Host | Prime Location | Cozy & Homey | Fully Equipped
8.44146E+17,36,Responsive & Clear | Exceptional Host | Cozy & Homey | Spotless & Pristine | Fully Equipped
8.4429E+17,1,Highly Walkable
8.44718E+17,6,Exceptional Host | Cozy & Homey | Prime Location | Responsive & Clear | Transit Friendly
8.46397E+17,35,Responsive & Clear | Exceptional Host | Cozy & Homey | Fully Equipped | Prime Location
8.47164E+17,46,Cozy & Homey | Responsive & Clear | Exceptional Host | Spotless & Pristine | Prime Location
8.48529E+17,3,Spacious & Bright | Fully Equipped
8.4934E+17,72,Cozy & Homey | Spotless & Pristine | Responsive & Clear | Exceptional Host | Fully Equipped
8.53742E+17,88,Highly Walkable | Cozy & Homey | Responsive & Clear | Exceptional Host | Spacious & Bright
8.55856E+17,144,Cozy & Homey | Highly Walkable | Prime Location | Spacious & Bright | Responsive & Clear
8.5815E+17,107,Responsive & Clear | Spacious & Bright | Prime Location | Exceptional Host | Spotless & Pristine
8.60456E+17,28,Cozy & Homey | Responsive & Clear | Prime Location | Fully Equipped | Exceptional Host
8.61538E+17,3,Cozy & Homey | Exceptional Host | Responsive & Clear | Fully Equipped | Outdoor Oasis
8.61546E+17,2,General Stay
8.62937E+17,3,General Stay
8.63845E+17,111,Responsive & Clear | Cozy & Homey | Exceptional Host | Prime Location | Spotless & Pristine
8.64627E+17,20,Exceptional Host | Responsive & Clear | Value for Money
8.65239E+17,2,Cozy & Homey | Fully Equipped
8.65274E+17,57,Cozy & Homey | Exceptional Host | Prime Location | Responsive & Clear | Fully Equipped
8.66866E+17,3,Cozy & Homey
8.69073E+17,2,Exceptional Host | Responsive & Clear
8.76334E+17,115,Cozy & Homey | Responsive & Clear | Fully Equipped | Exceptional Host | Prime Location
8.76698E+17,182,Cozy & Homey | Responsive & Clear | Prime Location | Spotless & Pristine | Fully Equipped
8.76722E+17,56,Cozy & Homey | Outdoor Oasis | Prime Location | Fully Equipped | Highly Walkable
8.7837E+17,45,Responsive & Clear | Fully Equipped | Cozy & Homey | Exceptional Host | Prime Location
8.78862E+17,3,Cozy & Homey
8.79196E+17,119,Responsive & Clear | Cozy & Homey | Exceptional Host | Fully Equipped | Prime Location
8.79437E+17,7,Climate Comfort | Outdoor Oasis | Exceptional Host | Fully Equipped
8.82119E+17,19,Cozy & Homey | Exceptional Host | Fully Equipped | Responsive & Clear | Spotless & Pristine
8.82456E+17,283,Exceptional Host | Cozy & Homey | Fully Equipped | Prime Location | Responsive & Clear
8.82868E+17,113,Cozy & Homey | Exceptional Host | Responsive & Clear | Prime Location | Spotless & Pristine
8.82999E+17,1,General Stay
8.84769E+17,83,Cozy & Homey | Outdoor Oasis | Responsive & Clear | Prime Location | Exceptional Host
8.86298E+17,36,Responsive & Clear | Cozy & Homey | Prime Location | Exceptional Host | Climate Comfort
8.8747E+17,2,General Stay
8.88286E+17,8,Cozy & Homey | Spacious & Bright | Responsive & Clear | Exceptional Host
8.88641E+17,234,Spacious & Bright | Prime Location | Cozy & Homey | Responsive & Clear | Fully Equipped
8.89177E+17,19,Cozy & Homey | Spotless & Pristine | Prime Location | Spacious & Bright | Fully Equipped
8.91949E+17,7,Cozy & Homey | Modern & Updated | Spotless & Pristine | Responsive & Clear | Exceptional Host
8.92214E+17,82,Highly Walkable | Cozy & Homey | Responsive & Clear | Fully Equipped | Exceptional Host
8.93352E+17,11,Cozy & Homey | Responsive & Clear | Fully Equipped | Spotless & Pristine | Historic Charm
8.93492E+17,10,Exceptional Host | Responsive & Clear | Highly Walkable | Climate Comfort
8.936E+17,2,Exceptional Host
8.97553E+17,25,Exceptional Host | Cozy & Homey | Responsive & Clear | Climate Comfort | Spacious & Bright
8.97794E+17,9,Cozy & Homey | Exceptional Host | Responsive & Clear | Spotless & Pristine
8.98074E+17,10,Exceptional Host | Cozy & Homey | Spotless & Pristine | Fully Equipped | Responsive & Clear
9.00081E+17,1,Prime Location
9.02255E+17,137,Cozy & Homey | Spotless & Pristine | Outdoor Oasis | Responsive & Clear | Prime Location
9.03646E+17,158,Cozy & Homey | Prime Location | Fully Equipped | Exceptional Host | Spotless & Pristine
9.05339E+17,65,Responsive & Clear | Cozy & Homey | Spotless & Pristine | Prime Location | Fully Equipped
9.07175E+17,1,General Stay
9.0718E+17,1,Prime Location
9.07282E+17,2,Cozy & Homey | Highly Walkable | Outdoor Oasis
9.0937E+17,118,Cozy & Homey | Fully Equipped | Responsive & Clear | Prime Location | Highly Walkable
9.11569E+17,5,Fully Equipped | Exceptional Host | Responsive & Clear | Prime Location | Outdoor Oasis
9.13081E+17,17,Safe & Quiet | Fully Equipped | Responsive & Clear | Cozy & Homey | Exceptional Host
9.18888E+17,7,Fully Equipped | Climate Comfort | Cozy & Homey | Responsive & Clear | Spacious & Bright
9.18903E+17,48,Responsive & Clear | Exceptional Host | Prime Location | Cozy & Homey | Highly Walkable
9.18909E+17,24,Prime Location | Exceptional Host | Responsive & Clear | Highly Walkable | Cozy & Homey
9.19334E+17,31,Cozy & Homey | Prime Location | Exceptional Host | Fully Equipped | Responsive & Clear
9.2064E+17,17,Cozy & Homey | Exceptional Host | Responsive & Clear | Spotless & Pristine | Fully Equipped
9.20872E+17,2,Prime Location | Exceptional Host | Fully Equipped
9.23665E+17,77,Cozy & Homey | Exceptional Host | Fully Equipped | Responsive & Clear | Prime Location
9.23943E+17,76,Cozy & Homey | Prime Location | Responsive & Clear | Highly Walkable | Exceptional Host
9.28202E+17,44,Cozy & Homey | Responsive & Clear | Outdoor Oasis | Exceptional Host | Prime Location
9.28595E+17,23,Cozy & Homey | Responsive & Clear | Prime Location | Spotless & Pristine | Fully Equipped
9.36231E+17,136,Cozy & Homey | Fully Equipped | Responsive & Clear | Prime Location | Highly Walkable
9.36692E+17,1,Spotless & Pristine | Exceptional Host
9.367E+17,1,Responsive & Clear
9.36735E+17,2,Climate Comfort | Exceptional Host
9.39053E+17,19,Cozy & Homey | Responsive & Clear | Spotless & Pristine | Exceptional Host | Prime Location
9.41903E+17,12,Fully Equipped | Exceptional Host | Outdoor Oasis | Responsive & Clear | Spacious & Bright
9.42039E+17,19,Cozy & Homey | Spotless & Pristine | Highly Walkable | Spacious & Bright | Prime Location
9.43446E+17,13,Exceptional Host | Cozy & Homey | Fully Equipped | Prime Location | Outdoor Oasis
9.46536E+17,176,Prime Location | Responsive & Clear | Spacious & Bright | Fully Equipped | Cozy & Homey
9.49875E+17,24,Pet Friendly | Cozy & Homey | Exceptional Host | Responsive & Clear | Prime Location
9.50692E+17,58,Responsive & Clear | Cozy & Homey | Spotless & Pristine | Prime Location | Spacious & Bright
9.52924E+17,5,Exceptional Host | Responsive & Clear | Cozy & Homey | Prime Location | Outdoor Oasis
9.53582E+17,78,Cozy & Homey | Responsive & Clear | Prime Location | Fully Equipped | Highly Walkable
9.54293E+17,126,Cozy & Homey | Exceptional Host | Fully Equipped | Prime Location | Responsive & Clear
9.58074E+17,35,Cozy & Homey | Prime Location | Exceptional Host | Responsive & Clear | Historic Charm
9.58846E+17,1,Highly Walkable | Prime Location
9.6016E+17,38,Prime Location | Cozy & Homey | Fully Equipped | Spotless & Pristine | Historic Charm
9.61601E+17,158,Cozy & Homey | Prime Location | Fully Equipped | Spotless & Pristine | Responsive & Clear
9.65404E+17,30,Spotless & Pristine | Cozy & Homey | Outdoor Oasis | Highly Walkable | Prime Location
9.66803E+17,45,Cozy & Homey | Highly Walkable | Fully Equipped | Responsive & Clear | Prime Location
9.70306E+17,4,Fully Equipped | Exceptional Host
9.71171E+17,51,Prime Location | Spacious & Bright | Fully Equipped | Cozy & Homey | Highly Walkable
9.73447E+17,1,General Stay
9.73796E+17,1,General Stay
9.75577E+17,2,Value for Money | Responsive & Clear | Fully Equipped
9.77682E+17,60,Cozy & Homey | Exceptional Host | Prime Location | Fully Equipped | Responsive & Clear
9.78207E+17,56,Highly Walkable | Cozy & Homey | Responsive & Clear | Prime Location | Fully Equipped
9.7985E+17,3,Highly Walkable
9.81859E+17,2,Exceptional Host
9.83221E+17,8,Fully Equipped | Prime Location | Climate Comfort | Exceptional Host
9.83287E+17,4,Cozy & Homey | Responsive & Clear
9.83296E+17,4,Modern & Updated | Exceptional Host | Value for Money | Spotless & Pristine
9.83465E+17,10,Exceptional Host | Responsive & Clear | Spacious & Bright | Cozy & Homey | Fully Equipped
9.84773E+17,5,Exceptional Host
9.85664E+17,3,Modern & Updated
9.85719E+17,2,Prime Location | Modern & Updated | Responsive & Clear
9.88526E+17,222,Cozy & Homey | Spotless & Pristine | Fully Equipped | Responsive & Clear | Exceptional Host
9.89119E+17,2,Responsive & Clear | Fully Equipped | Prime Location
9.90635E+17,4,Exceptional Host | Modern & Updated | Responsive & Clear
9.92242E+17,3,Responsive & Clear | Fully Equipped
9.93515E+17,67,Fully Equipped | Spacious & Bright | Cozy & Homey | Prime Location | Highly Walkable
9.93566E+17,65,Cozy & Homey | Prime Location | Fully Equipped | Responsive & Clear | Highly Walkable
9.94394E+17,17,Fully Equipped | Cozy & Homey | Prime Location | Responsive & Clear | Exceptional Host
9.95923E+17,32,Responsive & Clear | Exceptional Host | Cozy & Homey | Prime Location | Spotless & Pristine
9.96677E+17,48,Exceptional Host | Responsive & Clear | Cozy & Homey | Fully Equipped | Highly Walkable
9.98537E+17,12,Exceptional Host | Cozy & Homey | Highly Walkable | Prime Location | Responsive & Clear
1.00019E+18,42,Cozy & Homey | Fully Equipped | Responsive & Clear | Highly Walkable | Prime Location
1.00517E+18,144,Cozy & Homey | Prime Location | Spotless & Pristine | Fully Equipped | Responsive & Clear
1.00531E+18,141,Cozy & Homey | Exceptional Host | Fully Equipped | Responsive & Clear | Spotless & Pristine
1.0064E+18,10,Exceptional Host | Prime Location | Cozy & Homey | Fully Equipped | Responsive & Clear
1.01037E+18,111,Cozy & Homey | Exceptional Host | Fully Equipped | Prime Location | Responsive & Clear
1.01038E+18,8,Fully Equipped | Cozy & Homey | Highly Walkable | Climate Comfort | Spotless & Pristine
1.01091E+18,74,Fully Equipped | Cozy & Homey | Prime Location | Spotless & Pristine | Exceptional Host
1.01091E+18,114,Cozy & Homey | Spotless & Pristine | Prime Location | Responsive & Clear | Fully Equipped
1.01091E+18,39,Cozy & Homey | Responsive & Clear | Prime Location | Historic Charm | Highly Walkable
1.01091E+18,67,Cozy & Homey | Prime Location | Highly Walkable | Fully Equipped | Spotless & Pristine
1.01158E+18,93,Fully Equipped | Cozy & Homey | Prime Location | Highly Walkable | Spotless & Pristine
1.01449E+18,4,Prime Location | Climate Comfort | Safe & Quiet | Spotless & Pristine | Responsive & Clear
1.02017E+18,31,Cozy & Homey | Prime Location | Responsive & Clear | Highly Walkable | Spacious & Bright
1.0203E+18,2,Prime Location | Spacious & Bright | Exceptional Host | Spotless & Pristine | Responsive & Clear
1.02338E+18,97,Cozy & Homey | Highly Walkable | Fully Equipped | Responsive & Clear | Exceptional Host
1.02386E+18,2,Responsive & Clear | Highly Walkable | Prime Location
1.02469E+18,1,General Stay
1.02471E+18,15,Responsive & Clear | Exceptional Host | Cozy & Homey | Prime Location | Safe & Quiet
1.02475E+18,1,Historic Charm | Spacious & Bright | Responsive & Clear
1.02476E+18,2,Responsive & Clear
1.02484E+18,191,Cozy & Homey | Exceptional Host | Responsive & Clear | Prime Location | Highly Walkable
1.02552E+18,55,Cozy & Homey | Responsive & Clear | Highly Walkable | Prime Location | Spotless & Pristine
1.02669E+18,15,Historic Charm | Cozy & Homey | Highly Walkable | Fully Equipped | Exceptional Host
1.02894E+18,7,Prime Location | Cozy & Homey | Spotless & Pristine | Climate Comfort | Outdoor Oasis
1.0319E+18,4,Exceptional Host | Spacious & Bright | Modern & Updated | Responsive & Clear | Fully Equipped
1.03323E+18,3,Fully Equipped | Highly Walkable | Safe & Quiet | Cozy & Homey | Responsive & Clear
1.0333E+18,5,Cozy & Homey | Prime Location | Spotless & Pristine | Exceptional Host | Responsive & Clear
1.03416E+18,5,Exceptional Host | Prime Location | Cozy & Homey | Responsive & Clear
1.03498E+18,23,Exceptional Host | Responsive & Clear | Value for Money | Fully Equipped | Cozy & Homey
1.03554E+18,41,Cozy & Homey | Prime Location | Responsive & Clear | Spotless & Pristine | Exceptional Host
1.0399E+18,23,Cozy & Homey | Highly Walkable | Responsive & Clear | Prime Location | Exceptional Host
1.04004E+18,14,Cozy & Homey | Highly Walkable | Prime Location | Responsive & Clear | Fully Equipped
1.04444E+18,31,Responsive & Clear | Cozy & Homey | Prime Location | Spacious & Bright | Exceptional Host
1.04508E+18,2,General Stay
1.04942E+18,33,Responsive & Clear | Prime Location | Cozy & Homey | Spacious & Bright | Fully Equipped
1.04953E+18,8,Responsive & Clear | Fully Equipped | Modern & Updated | Exceptional Host | Prime Location
1.0496E+18,17,Spotless & Pristine | Cozy & Homey | Exceptional Host | Responsive & Clear | Highly Walkable
1.05879E+18,65,Responsive & Clear | Highly Walkable | Cozy & Homey | Historic Charm | Fully Equipped
1.06009E+18,48,Responsive & Clear | Exceptional Host | Cozy & Homey | Fully Equipped | Spacious & Bright
1.0623E+18,17,Prime Location | Cozy & Homey | Responsive & Clear | Exceptional Host | Fully Equipped
1.06381E+18,4,Spacious & Bright | Cozy & Homey
1.06595E+18,1,General Stay
1.06912E+18,126,Exceptional Host | Cozy & Homey | Responsive & Clear | Fully Equipped | Prime Location
1.07029E+18,25,Cozy & Homey | Responsive & Clear | Fully Equipped | Prime Location | Spotless & Pristine
1.07029E+18,32,Cozy & Homey | Spotless & Pristine | Modern & Updated | Prime Location | Fully Equipped
1.08083E+18,5,Spotless & Pristine | Cozy & Homey | Highly Walkable
1.08173E+18,4,Prime Location | Historic Charm | Exceptional Host
1.08178E+18,85,Cozy & Homey | Prime Location | Highly Walkable | Spacious & Bright | Spotless & Pristine
1.08442E+18,1,Highly Walkable | Responsive & Clear
1.08443E+18,3,Cozy & Homey | Responsive & Clear | Fully Equipped
1.08625E+18,76,Cozy & Homey | Responsive & Clear | Prime Location | Exceptional Host | Fully Equipped
1.08771E+18,14,Cozy & Homey | Exceptional Host | Responsive & Clear | Spacious & Bright | Spotless & Pristine
1.09063E+18,23,Cozy & Homey | Spotless & Pristine | Prime Location | Spacious & Bright | Fully Equipped
1.09233E+18,17,Cozy & Homey | Responsive & Clear | Spotless & Pristine | Fully Equipped | Prime Location
1.09337E+18,7,Responsive & Clear | Exceptional Host
1.09415E+18,78,Cozy & Homey | Prime Location | Responsive & Clear | Highly Walkable | Spotless & Pristine
1.09415E+18,23,Cozy & Homey | Outdoor Oasis | Highly Walkable | Prime Location | Fully Equipped
1.09416E+18,38,Responsive & Clear | Cozy & Homey | Fully Equipped | Prime Location | Exceptional Host
1.09416E+18,44,Cozy & Homey | Responsive & Clear | Spotless & Pristine | Fully Equipped | Exceptional Host
1.09416E+18,46,Cozy & Homey | Spotless & Pristine | Fully Equipped | Outdoor Oasis | Responsive & Clear
1.09434E+18,3,Safe & Quiet | Spotless & Pristine | Responsive & Clear | Cozy & Homey | Prime Location
1.09527E+18,68,Cozy & Homey | Spacious & Bright | Responsive & Clear | Prime Location | Fully Equipped
1.09994E+18,3,Cozy & Homey | Value for Money
1.10431E+18,51,Cozy & Homey | Exceptional Host | Prime Location | Outdoor Oasis | Fully Equipped
1.10465E+18,3,Cozy & Homey | Historic Charm | Spotless & Pristine | Fully Equipped | Responsive & Clear
1.10497E+18,45,Cozy & Homey | Spotless & Pristine | Responsive & Clear | Prime Location | Exceptional Host
1.10538E+18,26,Exceptional Host | Highly Walkable | Responsive & Clear | Prime Location | Fully Equipped
1.10593E+18,51,Cozy & Homey | Prime Location | Responsive & Clear | Fully Equipped | Highly Walkable
1.10603E+18,56,Cozy & Homey | Prime Location | Responsive & Clear | Fully Equipped | Highly Walkable
1.10645E+18,82,Fully Equipped | Cozy & Homey | Prime Location | Highly Walkable | Responsive & Clear
1.10654E+18,88,Cozy & Homey | Prime Location | Highly Walkable | Fully Equipped | Responsive & Clear
1.10656E+18,48,Responsive & Clear | Prime Location | Highly Walkable | Exceptional Host | Cozy & Homey
1.10658E+18,59,Spacious & Bright | Cozy & Homey | Prime Location | Responsive & Clear | Fully Equipped
1.10679E+18,17,Fully Equipped | Cozy & Homey | Prime Location | Spotless & Pristine | Exceptional Host
1.10708E+18,2,Prime Location | Cozy & Homey | Spotless & Pristine | Above & Beyond | Outdoor Oasis
1.10735E+18,8,Cozy & Homey | Highly Walkable | Exceptional Host | Responsive & Clear
1.11099E+18,4,Exceptional Host | Highly Walkable | Value for Money | Responsive & Clear | Fully Equipped
1.11195E+18,1,General Stay
1.11195E+18,1,Prime Location
1.11317E+18,6,Exceptional Host | Highly Walkable | Spacious & Bright | Modern & Updated | Fully Equipped
1.11317E+18,2,General Stay
1.11318E+18,12,Cozy & Homey | Spotless & Pristine | Responsive & Clear | Modern & Updated
1.11318E+18,25,Cozy & Homey | Fully Equipped | Spacious & Bright | Work-Friendly | Exceptional Host
1.11318E+18,9,Exceptional Host | Climate Comfort | Cozy & Homey | Pet Friendly | Modern & Updated
1.11366E+18,1,General Stay
1.1144E+18,17,Cozy & Homey | Exceptional Host | Prime Location | Spotless & Pristine | Outdoor Oasis
1.11622E+18,31,Cozy & Homey | Responsive & Clear | Spotless & Pristine | Fully Equipped | Exceptional Host
1.11674E+18,64,Cozy & Homey | Prime Location | Responsive & Clear | Highly Walkable | Fully Equipped
1.11683E+18,151,Cozy & Homey | Prime Location | Responsive & Clear | Exceptional Host | Spacious & Bright
1.11741E+18,5,Prime Location | Exceptional Host | Safe & Quiet | Cozy & Homey | Modern & Updated
1.1176E+18,4,Spacious & Bright | Outdoor Oasis | Fully Equipped | Cozy & Homey | Spotless & Pristine
1.1183E+18,1,General Stay
1.12247E+18,56,Cozy & Homey | Responsive & Clear | Highly Walkable | Fully Equipped | Spacious & Bright
1.12472E+18,58,Cozy & Homey | Outdoor Oasis | Fully Equipped | Historic Charm | Exceptional Host
1.12646E+18,29,Responsive & Clear | Exceptional Host | Cozy & Homey | Spotless & Pristine | Fully Equipped
1.12666E+18,7,Prime Location | Responsive & Clear | Fully Equipped | Value for Money | Exceptional Host
1.12762E+18,22,Exceptional Host | Responsive & Clear | Spotless & Pristine | Cozy & Homey | Prime Location
1.12829E+18,22,Spotless & Pristine | Safe & Quiet | Outdoor Oasis | Prime Location | Climate Comfort
1.12978E+18,12,Responsive & Clear | Cozy & Homey | Fully Equipped | Historic Charm | Spacious & Bright
1.13308E+18,20,Exceptional Host | Fully Equipped | Outdoor Oasis | Cozy & Homey | Responsive & Clear
1.1333E+18,10,Highly Walkable | Cozy & Homey | Prime Location | Fully Equipped | Spotless & Pristine
1.13352E+18,13,Cozy & Homey | Responsive & Clear | Fully Equipped | Prime Location | Spotless & Pristine
1.13493E+18,16,Historic Charm | Spotless & Pristine | Fully Equipped | Highly Walkable | Prime Location
1.135E+18,47,Cozy & Homey | Spotless & Pristine | Responsive & Clear | Fully Equipped | Historic Charm
1.14223E+18,3,General Stay
1.14244E+18,58,Cozy & Homey | Fully Equipped | Responsive & Clear | Historic Charm | Exceptional Host
1.14281E+18,4,Spacious & Bright | Highly Walkable
1.14282E+18,6,Climate Comfort | Above & Beyond | Fully Equipped
1.14282E+18,2,Prime Location | Cozy & Homey
1.14285E+18,3,Climate Comfort | Fully Equipped | Cozy & Homey
1.14489E+18,55,Fully Equipped | Cozy & Homey | Responsive & Clear | Spotless & Pristine | Prime Location
1.14508E+18,13,Outdoor Oasis | Responsive & Clear | Spotless & Pristine | Fully Equipped | Cozy & Homey
1.15008E+18,5,Responsive & Clear | Cozy & Homey | Highly Walkable
1.15044E+18,1,Spotless & Pristine | Exceptional Host | Responsive & Clear
1.15201E+18,5,Cozy & Homey | Exceptional Host | Spacious & Bright | Responsive & Clear | Fully Equipped
1.15222E+18,40,Cozy & Homey | Responsive & Clear | Exceptional Host | Prime Location | Modern & Updated
1.15463E+18,41,Responsive & Clear | Exceptional Host | Cozy & Homey | Prime Location | Fully Equipped
1.15576E+18,1,Safe & Quiet | Cozy & Homey | Spacious & Bright | Modern & Updated
1.1592E+18,54,Cozy & Homey | Spotless & Pristine | Responsive & Clear | Spacious & Bright | Modern & Updated
1.16075E+18,25,Cozy & Homey | Spacious & Bright | Responsive & Clear | Climate Comfort | Artistic & Curated
1.16104E+18,77,Fully Equipped | Cozy & Homey | Responsive & Clear | Highly Walkable | Spacious & Bright
1.1638E+18,17,Cozy & Homey | Fully Equipped | Spotless & Pristine | Spacious & Bright | Prime Location
1.16667E+18,29,Cozy & Homey | Exceptional Host | Prime Location | Modern & Updated | Spotless & Pristine
1.16693E+18,2,Safe & Quiet | Cozy & Homey | Responsive & Clear | Climate Comfort
1.17026E+18,1,Highly Walkable | Cozy & Homey | Spotless & Pristine | Modern & Updated | Exceptional Host
1.17105E+18,45,Exceptional Host | Responsive & Clear | Fully Equipped | Cozy & Homey | Spotless & Pristine
1.17885E+18,3,General Stay
1.17903E+18,6,Highly Walkable | Climate Comfort | Fully Equipped
1.17991E+18,1,General Stay
1.18108E+18,1,Prime Location | Exceptional Host | Responsive & Clear
1.18632E+18,12,Responsive & Clear | Cozy & Homey | Value for Money | Prime Location | Historic Charm
1.18689E+18,10,Fully Equipped | Cozy & Homey | Spacious & Bright | Exceptional Host | Responsive & Clear
1.18702E+18,12,Cozy & Homey | Exceptional Host | Responsive & Clear | Value for Money | Climate Comfort
1.18765E+18,8,Responsive & Clear
1.18765E+18,18,Cozy & Homey | Responsive & Clear | Exceptional Host | Spotless & Pristine | Modern & Updated
1.18765E+18,9,Exceptional Host | Responsive & Clear | Cozy & Homey | Spotless & Pristine | Value for Money
1.18766E+18,7,Prime Location | Spotless & Pristine | Exceptional Host
1.18836E+18,4,Responsive & Clear | Cozy & Homey
1.18839E+18,14,Exceptional Host | Responsive & Clear | Prime Location | Cozy & Homey | Fully Equipped
1.18843E+18,3,Exceptional Host
1.19245E+18,1,Exceptional Host
1.19344E+18,12,Fully Equipped | Climate Comfort | Exceptional Host | Prime Location
1.19479E+18,1,Exceptional Host
1.1948E+18,1,General Stay
1.19709E+18,3,General Stay
1.19714E+18,2,Prime Location | Cozy & Homey | Responsive & Clear | Fully Equipped | Spacious & Bright
1.19726E+18,1,Cozy & Homey | Exceptional Host
1.19727E+18,1,Responsive & Clear
1.19997E+18,45,Highly Walkable | Responsive & Clear | Cozy & Homey | Prime Location | Fully Equipped
1.20574E+18,17,Cozy & Homey | Responsive & Clear | Prime Location | Spotless & Pristine | Highly Walkable
1.20895E+18,15,Historic Charm | Exceptional Host | Cozy & Homey | Spotless & Pristine | Responsive & Clear
1.20927E+18,1,Exceptional Host
1.21151E+18,1,Prime Location | Cozy & Homey
1.2123E+18,8,Transit Friendly | Cozy & Homey | Exceptional Host | Responsive & Clear
1.21304E+18,5,Cozy & Homey | Fully Equipped
1.21387E+18,4,Responsive & Clear | Highly Walkable
1.21613E+18,48,Cozy & Homey | Responsive & Clear | Exceptional Host | Fully Equipped | Spotless & Pristine
1.21661E+18,21,Cozy & Homey | Prime Location | Exceptional Host | Responsive & Clear | Spotless & Pristine
1.21732E+18,3,General Stay
1.22029E+18,5,Climate Comfort
1.22363E+18,5,Exceptional Host | Cozy & Homey | Modern & Updated | Responsive & Clear | Climate Comfort
1.22604E+18,4,Responsive & Clear | Prime Location | Fully Equipped | Cozy & Homey | Spotless & Pristine
1.22709E+18,42,Cozy & Homey | Prime Location | Responsive & Clear | Highly Walkable | Spotless & Pristine
1.22915E+18,5,Prime Location | Highly Walkable | Exceptional Host | Responsive & Clear
1.23148E+18,4,Exceptional Host | Prime Location | Responsive & Clear | Fully Equipped
1.23196E+18,40,Responsive & Clear | Cozy & Homey | Exceptional Host | Fully Equipped | Prime Location
1.23294E+18,6,Prime Location | Fully Equipped | Exceptional Host | Responsive & Clear | Spotless & Pristine
1.23348E+18,23,Cozy & Homey | Fully Equipped | Spotless & Pristine | Responsive & Clear | Outdoor Oasis
1.23773E+18,56,Cozy & Homey | Prime Location | Responsive & Clear | Highly Walkable | Outdoor Oasis
1.23852E+18,11,Responsive & Clear | Spotless & Pristine | Cozy & Homey | Fully Equipped | Outdoor Oasis
1.24367E+18,2,General Stay
1.24447E+18,3,General Stay
1.24655E+18,16,Responsive & Clear | Cozy & Homey | Exceptional Host | Spacious & Bright | Spotless & Pristine
1.24827E+18,5,Responsive & Clear | Cozy & Homey
1.24932E+18,3,Responsive & Clear | Exceptional Host
1.24988E+18,2,Responsive & Clear | Highly Walkable | Artistic & Curated | Fully Equipped
1.25001E+18,1,Prime Location | Spotless & Pristine | Fully Equipped
1.25102E+18,51,Cozy & Homey | Responsive & Clear | Exceptional Host | Fully Equipped | Prime Location
1.25209E+18,2,General Stay
1.25391E+18,55,Cozy & Homey | Highly Walkable | Historic Charm | Prime Location | Fully Equipped
1.25424E+18,7,Cozy & Homey
1.2543E+18,7,Responsive & Clear
1.25459E+18,9,Prime Location | Responsive & Clear | Spacious & Bright | Fully Equipped
1.25464E+18,3,Responsive & Clear
1.25495E+18,5,Exceptional Host | Responsive & Clear
1.25499E+18,9,Spotless & Pristine | Exceptional Host | Value for Money | Prime Location
1.25803E+18,3,Cozy & Homey | Responsive & Clear
1.25822E+18,2,Cozy & Homey | Fully Equipped | Prime Location
1.25822E+18,1,General Stay
1.25822E+18,3,Prime Location | Modern & Updated | Exceptional Host | Responsive & Clear | Fully Equipped
1.25822E+18,5,Cozy & Homey | Prime Location | Safe & Quiet | Spacious & Bright | Fully Equipped
1.25822E+18,2,Climate Comfort
1.25962E+18,3,Prime Location
1.25968E+18,1,Responsive & Clear
1.26387E+18,17,Fully Equipped | Responsive & Clear | Climate Comfort | Spotless & Pristine | Spacious & Bright
1.26453E+18,6,Prime Location | Transit Friendly | Cozy & Homey | Exceptional Host | Fully Equipped
1.26456E+18,4,Cozy & Homey | Exceptional Host | Modern & Updated | Fully Equipped | Prime Location
1.26457E+18,7,Responsive & Clear | Cozy & Homey
1.26458E+18,5,Prime Location | Exceptional Host | Climate Comfort
1.26459E+18,2,General Stay
1.26461E+18,4,Spotless & Pristine | Outdoor Oasis
1.26521E+18,2,Highly Walkable | Prime Location | Exceptional Host
1.26546E+18,14,Prime Location | Spotless & Pristine | Exceptional Host | Highly Walkable | Above & Beyond
1.26823E+18,34,Exceptional Host | Cozy & Homey | Spotless & Pristine | Highly Walkable | Responsive & Clear
1.26908E+18,14,Exceptional Host | Cozy & Homey | Responsive & Clear | Fully Equipped | Spotless & Pristine
1.26983E+18,6,General Stay
1.27334E+18,11,Prime Location | Cozy & Homey | Fully Equipped | Safe & Quiet | Modern & Updated
1.27457E+18,4,Prime Location | Exceptional Host
1.28142E+18,55,Exceptional Host | Cozy & Homey | Prime Location | Spotless & Pristine | Responsive & Clear
1.28154E+18,2,Spotless & Pristine
1.28157E+18,6,Safe & Quiet | Cozy & Homey | Spotless & Pristine | Fully Equipped
1.28348E+18,1,Prime Location
1.2848E+18,111,Cozy & Homey | Spotless & Pristine | Responsive & Clear | Prime Location | Fully Equipped
1.28549E+18,31,Cozy & Homey | Highly Walkable | Exceptional Host | Responsive & Clear | Prime Location
1.28911E+18,13,Cozy & Homey | Modern & Updated | Responsive & Clear | Prime Location | Spotless & Pristine
1.28914E+18,4,Exceptional Host | Responsive & Clear | Outdoor Oasis
1.29077E+18,8,Exceptional Host | Cozy & Homey | Spacious & Bright | Highly Walkable | Value for Money
1.29272E+18,15,Modern & Updated | Fully Equipped | Highly Walkable | Exceptional Host | Cozy & Homey
1.29491E+18,39,Prime Location | Cozy & Homey | Responsive & Clear | Fully Equipped | Spotless & Pristine
1.29743E+18,9,Responsive & Clear | Highly Walkable | Prime Location | Outdoor Oasis | Safe & Quiet
1.29805E+18,1,General Stay
1.30069E+18,41,Cozy & Homey | Work-Friendly | Fully Equipped | Spotless & Pristine | Highly Walkable
1.30144E+18,1,Prime Location | Fully Equipped
1.30186E+18,3,Spotless & Pristine | Historic Charm
1.30187E+18,2,Fully Equipped | Exceptional Host | Cozy & Homey
1.30292E+18,1,General Stay
1.30396E+18,31,Cozy & Homey | Responsive & Clear | Prime Location | Exceptional Host | Outdoor Oasis
1.30397E+18,8,Prime Location | Fully Equipped | Exceptional Host | Cozy & Homey | Spotless & Pristine
1.30469E+18,2,Responsive & Clear
1.30582E+18,27,Prime Location | Responsive & Clear | Spotless & Pristine | Cozy & Homey | Fully Equipped
1.30588E+18,12,Exceptional Host | Responsive & Clear | Cozy & Homey | Artistic & Curated | Above & Beyond
1.31081E+18,1,Responsive & Clear
1.31098E+18,3,Safe & Quiet | Spotless & Pristine
1.3124E+18,16,Cozy & Homey | Outdoor Oasis | Prime Location | Exceptional Host | Pet Friendly
1.31376E+18,1,General Stay
1.3148E+18,5,Responsive & Clear | Cozy & Homey | Exceptional Host | Highly Walkable
1.32037E+18,83,Spacious & Bright | Cozy & Homey | Responsive & Clear | Spotless & Pristine | Prime Location
1.32037E+18,86,Prime Location | Cozy & Homey | Fully Equipped | Spacious & Bright | Spotless & Pristine
1.32255E+18,25,Cozy & Homey | Outdoor Oasis | Spotless & Pristine | Exceptional Host | Fully Equipped
1.32384E+18,3,Spotless & Pristine | Modern & Updated | Fully Equipped | Exceptional Host
1.32936E+18,3,Cozy & Homey | Spotless & Pristine | Exceptional Host | Responsive & Clear
1.33291E+18,19,Cozy & Homey | Fully Equipped | Responsive & Clear | Highly Walkable | Exceptional Host
1.33346E+18,2,Fully Equipped
1.33431E+18,4,Cozy & Homey | Responsive & Clear | Historic Charm | Highly Walkable | Prime Location
1.33485E+18,12,Spotless & Pristine | Highly Walkable | Prime Location | Responsive & Clear | Fully Equipped
1.33596E+18,10,Cozy & Homey | Responsive & Clear | Exceptional Host | Fully Equipped | Highly Walkable
1.33675E+18,8,Spotless & Pristine | Cozy & Homey | Responsive & Clear | Safe & Quiet
1.34099E+18,35,Exceptional Host | Cozy & Homey | Responsive & Clear | Highly Walkable | Prime Location
1.34228E+18,32,Cozy & Homey | Spotless & Pristine | Exceptional Host | Responsive & Clear | Fully Equipped
1.34311E+18,2,Prime Location
1.34423E+18,1,Cozy & Homey | Responsive & Clear
1.34495E+18,2,Historic Charm | Spotless & Pristine | Exceptional Host
1.34517E+18,1,General Stay
1.34524E+18,3,Fully Equipped | Cozy & Homey | Spotless & Pristine | Climate Comfort | Outdoor Oasis
1.34652E+18,8,Cozy & Homey | Fully Equipped | Responsive & Clear | Spotless & Pristine | Exceptional Host
1.34674E+18,18,Responsive & Clear | Cozy & Homey | Exceptional Host | Prime Location | Spotless & Pristine
1.34724E+18,4,Highly Walkable | Prime Location | Exceptional Host | Above & Beyond | Value for Money
1.34729E+18,3,Cozy & Homey | Responsive & Clear
1.34729E+18,41,Cozy & Homey | Spotless & Pristine | Prime Location | Exceptional Host | Responsive & Clear
1.34735E+18,9,Responsive & Clear | Exceptional Host | Cozy & Homey | Highly Walkable | Prime Location
1.34735E+18,4,Climate Comfort | Spacious & Bright
1.35027E+18,1,General Stay
1.35028E+18,3,Fully Equipped | Responsive & Clear | Cozy & Homey | Spacious & Bright | Climate Comfort
1.35079E+18,4,Fully Equipped | Cozy & Homey | Responsive & Clear | Highly Walkable | Outdoor Oasis
1.35097E+18,2,Responsive & Clear | Highly Walkable | Historic Charm | Cozy & Homey | Spotless & Pristine
1.35102E+18,1,General Stay
1.35279E+18,2,Prime Location | Cozy & Homey
1.3537E+18,27,Prime Location | Highly Walkable | Cozy & Homey | Fully Equipped | Exceptional Host
1.35372E+18,28,Spotless & Pristine | Cozy & Homey | Responsive & Clear | Modern & Updated | Fully Equipped
1.35586E+18,1,Cozy & Homey
1.35802E+18,20,Cozy & Homey | Responsive & Clear | Prime Location | Fully Equipped | Spacious & Bright
1.35951E+18,77,Cozy & Homey | Fully Equipped | Prime Location | Spacious & Bright | Spotless & Pristine
1.35965E+18,24,Exceptional Host | Cozy & Homey | Responsive & Clear | Highly Walkable | Spotless & Pristine
1.36262E+18,1,Cozy & Homey | Spacious & Bright | Exceptional Host
1.36399E+18,3,Cozy & Homey | Responsive & Clear | Highly Walkable | Historic Charm | Spacious & Bright
1.36455E+18,1,Spotless & Pristine | Exceptional Host
1.36477E+18,63,Cozy & Homey | Prime Location | Spotless & Pristine | Exceptional Host | Fully Equipped
1.36689E+18,4,Exceptional Host | Spotless & Pristine | Responsive & Clear | Cozy & Homey
1.36962E+18,1,General Stay
1.37036E+18,2,Exceptional Host | Climate Comfort
1.37041E+18,3,Prime Location | Modern & Updated | Responsive & Clear | Exceptional Host
1.37042E+18,5,Cozy & Homey | Spotless & Pristine | Modern & Updated | Responsive & Clear | Exceptional Host
1.37062E+18,6,Cozy & Homey | Spacious & Bright
1.37102E+18,26,Cozy & Homey | Prime Location | Fully Equipped | Spotless & Pristine | Spacious & Bright
1.37283E+18,15,Responsive & Clear | Cozy & Homey | Spotless & Pristine | Fully Equipped | Modern & Updated
1.37454E+18,29,Cozy & Homey | Fully Equipped | Spacious & Bright | Spotless & Pristine | Prime Location
1.37744E+18,11,Exceptional Host | Cozy & Homey | Prime Location | Fully Equipped | Responsive & Clear
1.38121E+18,17,Cozy & Homey | Spotless & Pristine | Exceptional Host | Responsive & Clear | Highly Walkable
1.38121E+18,10,Cozy & Homey | Prime Location | Spotless & Pristine | Safe & Quiet | Highly Walkable
1.38121E+18,19,Prime Location | Spotless & Pristine | Cozy & Homey | Highly Walkable | Exceptional Host
1.38341E+18,27,Exceptional Host | Cozy & Homey | Responsive & Clear | Safe & Quiet | Spotless & Pristine
1.38387E+18,6,Spacious & Bright | Highly Walkable | Prime Location | Cozy & Homey | Responsive & Clear
1.38608E+18,2,Cozy & Homey
1.3863E+18,37,Cozy & Homey | Responsive & Clear | Exceptional Host | Highly Walkable | Spotless & Pristine
1.39444E+18,4,Cozy & Homey | Exceptional Host | Spacious & Bright | Responsive & Clear | Fully Equipped
1.39935E+18,20,Fully Equipped | Historic Charm | Spotless & Pristine | Highly Walkable | Modern & Updated
1.39941E+18,1,General Stay
1.39956E+18,5,Spacious & Bright
1.40108E+18,9,Responsive & Clear | Cozy & Homey | Exceptional Host | Prime Location | Above & Beyond
1.40166E+18,22,Cozy & Homey | Responsive & Clear | Highly Walkable | Spotless & Pristine | Prime Location
1.405E+18,1,Exceptional Host
1.40505E+18,18,Exceptional Host | Cozy & Homey | Responsive & Clear | Historic Charm | Outdoor Oasis
1.40902E+18,2,Cozy & Homey | Spacious & Bright | Spotless & Pristine
1.40911E+18,2,Cozy & Homey | Highly Walkable | Responsive & Clear | Spotless & Pristine | Fully Equipped
1.40953E+18,21,Prime Location | Highly Walkable | Cozy & Homey | Responsive & Clear | Modern & Updated
1.41189E+18,9,Cozy & Homey | Exceptional Host | Responsive & Clear | Spotless & Pristine | Value for Money
1.41618E+18,11,Cozy & Homey | Responsive & Clear | Highly Walkable | Prime Location | Climate Comfort
1.41731E+18,1,Prime Location | Cozy & Homey | Exceptional Host
1.41909E+18,7,Exceptional Host | Cozy & Homey | Responsive & Clear | Spotless & Pristine
1.41947E+18,2,Spotless & Pristine | Cozy & Homey
1.42213E+18,10,Fully Equipped | Responsive & Clear | Exceptional Host
1.42315E+18,17,Responsive & Clear | Cozy & Homey | Highly Walkable | Spotless & Pristine | Modern & Updated
1.4246E+18,1,Highly Walkable | Exceptional Host | Responsive & Clear | Fully Equipped | Value for Money
1.42463E+18,1,Spotless & Pristine
1.42604E+18,21,Cozy & Homey | Responsive & Clear | Exceptional Host | Historic Charm | Value for Money
1.42786E+18,21,Exceptional Host | Responsive & Clear | Cozy & Homey | Spacious & Bright | Spotless & Pristine
1.42802E+18,17,Prime Location | Highly Walkable | Exceptional Host | Responsive & Clear | Fully Equipped
1.43197E+18,5,Fully Equipped | Cozy & Homey | Historic Charm | Modern & Updated | Responsive & Clear
1.43253E+18,1,General Stay
1.43616E+18,1,Cozy & Homey | Work-Friendly
1.43701E+18,10,Cozy & Homey | Prime Location | Outdoor Oasis | Responsive & Clear | Highly Walkable
1.43924E+18,2,Exceptional Host
1.44004E+18,7,Exceptional Host | Fully Equipped | Highly Walkable | Cozy & Homey
1.44222E+18,6,Exceptional Host | Prime Location | Cozy & Homey | Highly Walkable
1.44455E+18,1,General Stay
1.44503E+18,10,Fully Equipped | Climate Comfort | Outdoor Oasis | Cozy & Homey | Exceptional Host
1.44726E+18,3,General Stay
1.45071E+18,2,General Stay
1.45104E+18,2,Modern & Updated
1.45207E+18,2,General Stay
1.45207E+18,2,Cozy & Homey
1.45373E+18,1,Cozy & Homey | Spotless & Pristine
1.45536E+18,8,Responsive & Clear | Exceptional Host | Spotless & Pristine
1.45567E+18,6,Prime Location | Highly Walkable | Exceptional Host
1.45568E+18,3,Value for Money
1.45568E+18,3,Highly Walkable | Value for Money
1.45589E+18,6,Exceptional Host | Cozy & Homey | Outdoor Oasis | Fully Equipped
1.45798E+18,40,Cozy & Homey | Prime Location | Fully Equipped | Spotless & Pristine | Highly Walkable
1.45817E+18,7,Climate Comfort | Cozy & Homey | Modern & Updated | Fully Equipped | Prime Location
1.4595E+18,10,Exceptional Host | Responsive & Clear | Cozy & Homey | Value for Money | Spotless & Pristine
1.46611E+18,2,General Stay
1.46973E+18,1,General Stay
1.4724E+18,5,Spotless & Pristine | Exceptional Host | Cozy & Homey | Artistic & Curated | Modern & Updated
1.47548E+18,3,Exceptional Host | Fully Equipped
1.47556E+18,10,Highly Walkable | Outdoor Oasis | Fully Equipped | Prime Location | Spotless & Pristine
1.47637E+18,9,Fully Equipped | Prime Location | Spacious & Bright | Historic Charm | Exceptional Host
1.47718E+18,1,Highly Walkable | Spacious & Bright | Exceptional Host
1.47792E+18,18,Cozy & Homey | Responsive & Clear | Exceptional Host | Outdoor Oasis | Highly Walkable
1.47848E+18,1,Prime Location | Value for Money
1.48149E+18,26,Cozy & Homey | Spotless & Pristine | Responsive & Clear | Exceptional Host | Modern & Updated
1.4815E+18,20,Cozy & Homey | Responsive & Clear | Exceptional Host | Fully Equipped | Modern & Updated
1.4815E+18,30,Cozy & Homey | Spotless & Pristine | Exceptional Host | Responsive & Clear | Prime Location
1.48331E+18,5,Fully Equipped | Responsive & Clear
1.48412E+18,2,Spotless & Pristine | Highly Walkable
1.48494E+18,2,Spacious & Bright | Fully Equipped
1.48564E+18,19,Cozy & Homey | Exceptional Host | Prime Location | Responsive & Clear | Spotless & Pristine
1.48574E+18,5,Exceptional Host | Cozy & Homey | Prime Location | Spotless & Pristine
1.48918E+18,9,Fully Equipped | Artistic & Curated | Exceptional Host | Responsive & Clear | Highly Walkable
1.48997E+18,2,Exceptional Host
1.49138E+18,2,Cozy & Homey | Highly Walkable | Responsive & Clear | Fully Equipped | Prime Location
1.4929E+18,1,Exceptional Host
1.49571E+18,3,Spacious & Bright | Fully Equipped | Outdoor Oasis
1.4958E+18,1,General Stay
1.498E+18,8,Prime Location | Cozy & Homey | Highly Walkable | Fully Equipped | Spacious & Bright
1.49934E+18,2,Prime Location
1.49936E+18,2,Prime Location
1.50003E+18,7,Prime Location | Cozy & Homey | Fully Equipped | Responsive & Clear | Spotless & Pristine
1.50004E+18,9,Spotless & Pristine | Spacious & Bright | Responsive & Clear | Exceptional Host | Cozy & Homey
1.50078E+18,12,Cozy & Homey | Responsive & Clear | Safe & Quiet | Prime Location
1.50229E+18,3,General Stay
1.50367E+18,1,General Stay
1.50834E+18,15,Spotless & Pristine | Prime Location | Fully Equipped | Exceptional Host | Highly Walkable
1.50882E+18,1,Cozy & Homey
1.50897E+18,1,General Stay
1.5123E+18,4,Spotless & Pristine | Historic Charm | Cozy & Homey | Exceptional Host | Responsive & Clear
1.5155E+18,4,Cozy & Homey | Outdoor Oasis | Spacious & Bright | Responsive & Clear | Prime Location
1.51706E+18,1,Exceptional Host | Responsive & Clear
1.51737E+18,1,Highly Walkable | Prime Location | Cozy & Homey | Spotless & Pristine | Exceptional Host
1.51838E+18,6,Prime Location | Responsive & Clear | Cozy & Homey
1.52321E+18,2,Prime Location | Spacious & Bright | Exceptional Host | Responsive & Clear | Fully Equipped
1.53135E+18,1,Prime Location | Responsive & Clear | Fully Equipped
1.53659E+18,1,Modern & Updated | Exceptional Host | Fully Equipped
